Cluster	Feature
1	mag_4665
1	mag_2926
1	Thermosynechococcaceae
1	Polarisedimenticolaceae
1	mag_38068
1	Cyanothecaceae
1	mag_37963
1	Dehalococcoidaceae
1	mag_39302
1	Coenzyme F420-H2 dehydrogenase (methanophenazine)
1	mag_33193
1	mag_124
1	Deferrivibrionaceae
1	mag_62
1	Capillimicrobiaceae
1	mag_39565
1	Geminocystaceae
1	mag_39839
1	mag_37665
1	Sodium-transporting ATPase
1	Comchoanobacteraceae
1	mag_308
1	mag_37854
1	mag_83
1	Mangrovivirgaceae
1	mag_38062
1	mag_3418
1	Promineifilaceae
1	mag_40554
1	mag_37822
1	mag_37745
1	mag_14144
1	DNA recombination, archaeal
1	Chlorogloeopsidaceae
1	mag_38789
1	mag_437
1	mag_37941
1	mag_37746
1	mag_38137
1	mag_38727
1	mag_2936
1	Motilibacteraceae
1	DNA Helicase of Unknown Function
1	Tenuifilaceae
1	mag_3230
1	Luteibaculaceae
1	mag_40594
2	mag_38353
2	mag_38154
2	mag_44421
2	mag_39911
2	mag_40130
2	mag_42970
2	mag_41320
2	mag_39007
2	mag_38992
2	mag_39915
2	mag_38399
2	Midichloriaceae
2	mag_41203
2	mag_38348
2	mag_40847
2	mag_39448
2	mag_43767
2	mag_39106
2	mag_38219
2	mag_39093
2	mag_38276
2	mag_40084
2	mag_41087
2	mag_41099
2	mag_37769
2	mag_43381
2	mag_43156
2	mag_38323
2	mag_41133
2	mag_44310
2	mag_40515
2	mag_42784
2	mag_43291
2	mag_37714
2	mag_46135
2	mag_40026
2	mag_43237
2	mag_40254
2	mag_38343
2	mag_37915
2	mag_39061
2	mag_17750
2	mag_38089
2	mag_39155
2	mag_37864
2	mag_38585
2	mag_39289
2	mag_39812
2	mag_99
2	mag_37971
2	mag_42437
2	mag_38642
2	mag_42383
2	mag_39239
2	mag_38903
2	Aminoglycoside modifying enzymes: O-phosphotransferases
2	mag_38902
2	mag_38929
2	mag_37965
2	Fe(III) respiration - Shewanella type
2	mag_41705
2	mag_39722
2	mag_40650
2	mag_37957
2	mag_40618
2	mag_37813
2	mag_42052
2	Glutathionylspermidine and Trypanothione
2	mag_39595
2	mag_38033
2	mag_37922
2	mag_40332
2	mag_41695
2	mag_38935
2	Ostreibacteriaceae
2	mag_38553
2	mag_37861
2	mag_38074
2	mag_39894
2	mag_40702
2	mag_49115
2	mag_38552
2	mag_40142
2	mag_38953
2	mag_80
2	mag_38961
2	mag_38964
2	mag_39895
2	mag_38970
3	Hydrogenimonadaceae
3	mag_38317
3	mag_43406
3	mag_38002
3	mag_40149
3	Selenoprotein O
3	mag_39693
3	mag_44120
3	mag_38864
3	mag_37953
3	mag_38815
3	mag_41458
3	mag_43774
3	mag_18298
3	mag_39128
3	Moduliflexaceae
3	mag_45310
3	mag_18010
3	mag_41884
3	mag_38530
3	mag_41683
3	mag_100
3	mag_39969
3	Paraconexibacteraceae
3	mag_39545
3	mag_39356
3	Coleofasciculaceae
3	mag_38375
3	mag_38362
3	mag_41277
3	mag_40792
3	mag_41301
3	mag_39403
3	mag_6698
3	mag_28345
3	mag_37693
3	mag_799
3	mag_39945
3	mag_42849
3	mag_43275
3	mag_37884
3	mag_37832
3	mag_39458
3	Sandaracinaceae
3	mag_562
3	mag_39366
3	mag_37885
3	mag_553
3	mag_40283
4	mag_40839
4	Desulfuribacillaceae
4	mag_40667
4	mag_38032
4	Halobacteroidaceae
4	mag_38951
4	mag_42452
4	Caldisericaceae
4	mag_38904
4	mag_39738
4	mag_38699
4	Halothermotrichaceae
4	Elusimicrobiaceae
4	mag_38872
4	mag_38748
4	mag_42088
4	Haloplasmataceae
4	mag_38814
4	mag_39636
4	mag_40305
4	mag_42648
4	mag_39896
4	mag_48373
4	Xylanivirgaceae
4	mag_38531
4	mag_42788
4	mag_45118
4	mag_38426
4	Thermoactinomycetaceae
4	mag_38563
4	mag_40564
4	mag_40100
5	mag_44199
5	mag_37934
5	mag_44295
5	mag_44293
5	mag_38006
5	mag_44139
5	mag_39286
5	mag_44639
5	mag_40471
5	mag_39267
5	mag_43969
5	mag_42592
5	mag_38581
5	mag_41543
5	mag_38615
5	mag_38620
5	mag_41582
5	mag_38654
5	mag_38667
5	mag_42287
5	mag_38677
5	mag_42758
5	mag_42252
5	mag_38711
5	mag_38721
5	mag_42194
5	mag_41817
5	mag_38845
5	mag_42063
5	mag_42036
5	mag_41983
5	mag_41946
5	mag_38796
5	mag_38702
5	mag_40642
5	mag_38988
5	mag_41414
5	mag_40769
5	mag_40815
5	mag_38140
5	mag_40869
5	mag_43617
5	mag_38189
5	mag_40968
5	mag_38194
5	mag_38255
5	mag_41111
5	mag_38525
5	mag_43332
5	mag_43295
5	mag_41139
5	mag_39057
5	mag_41231
5	mag_41253
5	mag_42974
5	mag_38462
5	mag_41311
5	mag_38990
5	mag_41413
5	mag_43297
5	mag_39326
5	mag_38801
5	mag_40235
5	Fermentations: Lactate
5	mag_40184
5	mag_46611
5	mag_49626
5	mag_40309
5	mag_39430
5	mag_39457
5	mag_40190
5	mag_55404
5	mag_50734
5	mag_45742
5	mag_45697
5	mag_48140
5	mag_45002
5	mag_46743
5	mag_39971
5	mag_47668
5	mag_72938
5	mag_40273
5	mag_46416
5	mag_40139
5	mag_39337
6	mag_39059
6	mag_38464
6	mag_42293
6	mag_45657
6	mag_37876
6	mag_42330
6	mag_41245
6	mag_3728
6	mag_45273
6	mag_41145
6	mag_39928
6	mag_41707
6	mag_38319
6	Turicibacteraceae
6	mag_42752
6	mag_38560
6	mag_39240
6	mag_39226
6	mag_45387
7	mag_42415
7	Sporulation proteins SigEG cluster
7	mag_44283
7	mag_43965
7	mag_44299
7	mag_38532
7	mag_45551
7	mag_39435
7	mag_47766
7	Patulibacteraceae
7	mag_39544
7	mag_45493
7	mag_51007
7	mag_37807
7	mag_39814
7	mag_40661
7	mag_42938
7	mag_40589
7	S-methylmethionine
7	mag_49054
7	mag_40124
7	mag_43770
7	mag_41333
7	mag_46313
7	mag_46390
7	mag_37967
7	mag_46022
7	mag_39778
7	mag_44638
7	mag_39338
7	mag_38859
7	mag_42172
7	mag_37929
7	mag_42115
7	mag_42096
7	mag_39679
7	mag_42087
7	mag_39678
7	V-Type ATP synthase
7	mag_40091
7	mag_39334
7	mag_38245
7	mag_42231
7	mag_41165
7	mag_40385
7	mag_55618
7	mag_42311
7	mag_38147
7	mag_43118
7	mag_43709
7	mag_42321
7	mag_39725
7	mag_45114
7	mag_40457
7	mag_41211
7	mag_42334
7	mag_41227
7	mag_44313
8	mag_39483
8	mag_470
8	mag_38134
8	mag_38201
8	Petrotogaceae
8	mag_37726
8	mag_38290
8	mag_39018
8	mag_41246
8	mag_46181
8	mag_45802
8	mag_43536
8	mag_40780
8	mag_43843
8	mag_46618
8	mag_40101
8	mag_43324
8	mag_38334
8	mag_39136
8	mag_41260
8	mag_43865
8	mag_37896
8	mag_39084
8	mag_38907
8	mag_38894
8	mag_37856
8	mag_21649
8	mag_44574
8	mag_39568
8	mag_37850
8	mag_37890
8	mag_39554
8	mag_38914
8	mag_39284
8	mag_42480
8	mag_54891
8	mag_38583
8	mag_38855
8	mag_40591
8	mag_37949
8	mag_38669
8	mag_44768
8	mag_43906
8	mag_38579
8	mag_39669
8	mag_3031
8	mag_38557
8	mag_37913
8	Mycoplasmoidaceae
8	mag_41954
8	mag_44676
9	mag_42245
9	mag_39724
9	mag_3421
9	mag_39330
9	mag_45967
9	mag_3088
9	mag_40039
9	mag_43292
9	mag_42198
9	mag_58391
9	mag_37723
9	mag_39571
9	mag_41114
9	mag_3047
9	mag_41103
9	mag_38524
9	mag_42282
9	mag_1963
9	mag_39006
9	mag_41355
9	mag_42875
9	mag_38543
9	mag_38550
9	mag_38466
9	mag_41075
9	mag_42933
9	mag_7427
9	mag_39825
9	mag_42507
9	mag_37686
9	Smithellaceae
9	mag_42971
9	Thermodesulfobiaceae
9	mag_43012
9	mag_43047
9	Salisaetaceae
9	mag_39555
9	mag_38626
9	mag_41572
9	mag_41234
9	mag_52261
9	mag_41633
9	mag_42284
9	mag_50264
9	mag_42670
9	mag_41138
9	mag_37778
9	mag_40114
9	mag_43717
9	mag_50
9	mag_37757
9	mag_43760
9	mag_44565
9	mag_326
9	mag_40801
9	mag_43809
9	mag_43837
9	mag_43839
9	mag_44503
9	mag_44472
9	Ethanolamine utilization
9	mag_40469
9	mag_44422
9	mag_40751
9	mag_40741
9	mag_45075
9	mag_40274
9	mag_45241
9	mag_44285
9	Sporanaerobacteraceae
9	mag_44248
9	mag_40636
9	mag_37840
9	mag_41935
9	mag_40318
9	mag_38161
9	mag_39399
9	Salibacteraceae
9	mag_44811
9	mag_45771
9	Feifaniaceae
9	mag_39109
10	mag_3202
10	mag_45490
10	mag_44742
10	mag_36235
10	mag_39442
10	mag_42953
10	mag_162
10	mag_41852
10	mag_105
10	mag_41334
10	mag_38892
10	mag_43996
10	mag_40501
10	mag_40073
10	mag_39506
10	mag_73
10	mag_5011
10	mag_317
10	mag_43726
10	mag_41444
10	mag_7626
10	mag_46023
10	mag_37766
10	mag_366
10	mag_46246
10	mag_40906
10	mag_38852
10	mag_38571
10	mag_42505
10	mag_42616
10	Halobacteriovoraceae
11	mag_40566
11	mag_38241
11	mag_39977
11	mag_44210
11	Neomegalonemataceae
11	mag_96
11	mag_40984
11	mag_38297
11	mag_40479
11	mag_25344
11	mag_277
11	mag_40695
11	mag_40448
11	mag_38017
11	mag_40158
11	mag_38813
11	mag_40978
11	mag_39515
11	Iron acquisition in Streptococcus
11	mag_42224
11	mag_38866
11	mag_38077
11	mag_38023
11	mag_39032
11	Silvanigrellaceae
11	mag_38025
12	mag_38637
12	mag_296
12	Hydroxyaromatic decarboxylase family
12	mag_5951
12	mag_5525
12	mag_40226
12	mag_45125
12	mag_2958
12	mag_2959
12	mag_39395
12	mag_37910
12	mag_38582
12	mag_40487
12	mag_44431
12	4-hydroxybenzoyl-CoA reductase
12	Ozemobacteraceae
12	mag_3231
12	mag_41785
12	mag_300
12	mag_3218
12	Phaeocystidibacteraceae
12	Babeliaceae
12	mag_38749
12	mag_3091
12	mag_39303
12	mag_39681
12	mag_44643
12	mag_42160
12	mag_38736
12	mag_40328
12	mag_3283
12	mag_41739
12	mag_206
12	mag_39353
12	mag_41984
12	mag_41658
12	mag_4064
12	mag_39731
12	mag_288
12	mag_40367
12	mag_3902
12	mag_2916
12	mag_37996
12	mag_3647
12	mag_287
12	mag_38776
12	mag_40421
12	mag_38753
12	mag_37985
12	mag_38710
12	mag_44463
12	mag_39092
12	mag_7724
12	mag_39541
12	Oceanipulchritudinaceae
12	mag_39129
12	mag_40849
12	mag_37654
12	mag_363
12	Mycobacterial cell wall virulence lipid phthiocerol dimycocerosate (PDIM)
12	mag_43732
12	Zhaonellaceae
12	mag_59
12	mag_37620
12	mag_37825
12	mag_38122
12	Geitlerinemataceae
12	mag_38438
12	mag_37783
12	mag_29341
12	mag_38474
12	Chlorosome
12	Polysulfide reductase EC 1.12.98.4 and Thiosulfate reductase
12	mag_38167
12	mag_46157
12	mag_38273
12	mag_38239
12	mag_38232
12	mag_37731
12	mag_39076
12	mag_431
12	mag_37743
12	mag_39455
12	mag_1191
12	mag_540
12	Phenol hydroxylase
12	mag_41134
12	mag_40109
12	mag_38179
12	mag_37707
12	mag_37698
12	mag_370
12	mag_37753
12	mag_38326
12	Methanofuran biosynthesis
12	mag_3010
12	mag_38989
12	Betaine lipids in bactera
12	mag_336
12	Uabimicrobiaceae
12	mag_339
12	mag_2903
12	Nanosyncoccacae
12	mag_10183
12	mag_39222
12	mag_39437
12	mag_24041
12	mag_343
12	mag_42820
12	mag_9833
12	mag_42760
12	mag_1246
12	mag_43882
12	mag_39901
12	mag_39537
12	mag_38497
12	mag_43433
12	Desulfomonilaceae
13	Branched-Chain Amino Acid Biosynthesis
13	DNA repair, bacterial DinG and relatives
13	S-Adenosyl-L-homocysteine recycling
13	Rcn nickel and cobalt homeostasis system
13	CMP-legionaminic acid synthesis
14	Methylenetetrahydrofolate reductase
14	Repair of Iron Centers
14	Cardiolipin biosynthesis
15	Lysine leader peptide
15	Phenylalanine and Tyrosine synthesis 1
15	Diaminopimelate Synthesis 
15	Lysine DAP biosynthetic pathway
15	DeNovo Purine Biosynthesis
16	Coenzyme A -- gjo
16	Coenzyme A
16	Thiamin, hydroxymethylpyrimidine selected transporters
16	Trk and Ktr potassium uptake systems
16	Tryptophan synthesis
16	Chorismate Synthesis
16	tRNA aminoacylation, Ser
17	A Hypothetical Protein Related to Proline Metabolism
17	Stringent Response, (p)ppGpp metabolism
17	Sporulation-associated proteins with broader functions
17	D-tyrosyl-tRNA(Tyr) deacylase
17	Two cell division clusters relating to chromosome partitioning
17	Antibiotic targets in cell wall biosynthesis
18	Cluster containing Glutathione synthetase
18	Ribosomal proteins, single-copy
18	tRNA aminoacylation, Trp
18	Heat shock dnaK gene cluster extended
18	Colicin V and Bacteriocin Production Cluster
18	Ribonuclease H
19	RNA processing and degradation, bacterial
19	tRNA aminoacylation, Ala
19	Mupirocin resistance
19	Translation initiation factors, bacterial
19	tRNA aminoacylation, Ile
19	Antibiotic targets in protein synthesis
20	Antibiotic targets in transcription
20	tRNA aminoacylation, Gly
20	tRNA aminoacylation, Phe
20	Cell division cluster
20	Folate biosynthesis cluster
20	tRNA aminoacylation, Tyr
20	Threonylcarbamoyladenosine
20	DNA repair system including RecA, MutS and a hypothetical protein
20	Sucrose to levan conversions
21	tRNA aminoacylation, Pro
21	Galactose utilization
21	Copper homeostasis: copper tolerance
21	Riboflavin, FMN and FAD biosynthesis in Archaea
22	rRNA modification related cluster including tlyA
22	Ribosome LSU, bacterial
22	RNA polymerase, bacterial
22	Translation termination factors, bacterial
22	Fe-S cluster assembly
22	Glycolysis and Gluconeogenesis, including Archaeal enzymes
23	Aspartate to Threonine Module
23	Aspartate to Homoserine module
23	Sulfoquinovose biosynthesis cluster
23	Dpp dipeptide ABC transport system
23	DNA repair, bacterial RecBCD pathway
23	Streptococcal Hyaluronic Acid Capsule
24	mag_43049
24	mag_38055
24	mag_40257
24	mag_44077
24	mag_38950
24	mag_44182
24	mag_40500
24	mag_40482
24	mag_44370
24	mag_44380
24	mag_37914
24	mag_39285
24	mag_38000
24	mag_37991
24	mag_44907
24	mag_40651
24	mag_43912
24	mag_44040
24	mag_43037
24	mag_38424
24	mag_43141
24	Pasteuriaceae
24	mag_43182
24	mag_43229
24	mag_41300
24	mag_3029
24	mag_43551
24	mag_44076
24	mag_42887
24	mag_38174
24	mag_43738
24	mag_38107
24	mag_38101
24	mag_42805
24	mag_42799
24	mag_39141
24	mag_38085
24	mag_43931
24	mag_39014
24	mag_38071
24	mag_37988
24	mag_45978
24	mag_39569
24	mag_49124
24	mag_37635
24	mag_37628
24	mag_51150
24	Biogenesis of c-type cytochromes
24	mag_40044
24	mag_36705
24	mag_39698
24	mag_47087
24	mag_46733
24	mag_39927
24	mag_39507
24	mag_53958
24	mag_53256
24	mag_45419
24	mag_39917
24	mag_45896
24	mag_45481
24	mag_39609
24	mag_37795
24	mag_39552
24	mag_53284
24	mag_38794
24	mag_51790
24	mag_38681
24	mag_57192
24	mag_45888
24	mag_50104
24	mag_38783
25	mag_39769
25	mag_40909
25	mag_40904
25	mag_43647
25	mag_39422
25	PE multigene family in Mycobacterium tuberculosis complex (MTBC)
25	mag_38271
25	mag_39077
25	mag_38296
25	PPE multigene family in Mycobacterium tuberculosis complex (MTBC)
25	mag_43336
25	mag_38339
25	mag_41164
25	mag_41210
25	mag_61863
25	mag_43124
25	mag_66866
25	mag_43524
25	mag_38156
25	mag_39524
25	mag_43724
25	mag_37846
25	mag_40214
25	mag_37792
25	mag_40281
25	mag_45071
25	mag_37788
25	mag_45603
25	mag_44876
25	mag_40105
25	mag_45806
25	mag_40429
25	mag_37721
25	mag_46204
25	mag_39982
25	mag_44179
25	mag_44104
25	mag_38042
25	mag_39961
25	mag_39954
25	mag_40694
25	mag_43980
25	mag_39174
25	mag_38087
25	mag_40755
25	mag_39550
25	mag_43789
25	mag_39135
25	mag_38143
25	mag_43093
25	mag_38808
25	mag_38633
25	mag_42492
25	mag_38927
25	mag_42102
25	mag_39017
25	mag_38487
25	mag_43076
25	mag_38996
25	mag_39028
25	mag_42926
25	mag_42931
25	mag_42201
25	mag_41591
25	mag_38930
25	mag_38933
25	mag_38514
25	mag_38881
25	mag_38562
25	mag_42315
25	mag_42645
25	mag_38659
25	mag_38428
25	mag_41945
25	mag_42151
25	mag_42168
25	mag_38379
26	mag_40489
26	mag_38877
26	mag_44284
26	mag_42207
26	mag_38962
26	mag_44360
26	mag_46492
26	mag_40013
26	mag_27852
26	mag_46277
26	mag_42192
26	mag_44089
26	mag_39951
26	mag_40634
26	Gloeobacteraceae
26	mag_46571
26	mag_39492
26	mag_38028
26	mag_44138
26	mag_41501
26	mag_44159
26	mag_39277
26	mag_40034
26	mag_42200
26	mag_44237
26	mag_46722
26	mag_40541
26	mag_40585
26	mag_40531
26	mag_40408
26	mag_39298
26	mag_45152
26	mag_45156
26	mag_45774
26	mag_45680
26	mag_45194
26	mag_45613
26	mag_45237
26	mag_40215
26	mag_40117
26	mag_42275
26	mag_45330
26	mag_45332
26	mag_45396
26	mag_40121
26	mag_41655
26	mag_40138
26	mag_45553
26	mag_41612
26	mag_40272
26	mag_45094
26	mag_38888
26	mag_40423
26	mag_40417
26	mag_45980
26	mag_41671
26	mag_44586
26	mag_44625
26	mag_44690
26	mag_44740
26	mag_40450
26	mag_44769
26	mag_44853
26	mag_44858
26	mag_42232
26	mag_41584
26	mag_42367
26	mag_40289
26	mag_44925
26	mag_41596
26	mag_44826
26	mag_40689
26	mag_42186
26	mag_41485
26	mag_39741
26	mag_43432
26	mag_38479
26	mag_41050
26	mag_43473
26	mag_41037
26	mag_39744
26	mag_52988
26	mag_43541
26	mag_40949
26	mag_44015
26	mag_40940
26	mag_43561
26	mag_39752
26	mag_41359
26	mag_38755
26	mag_52975
26	mag_42946
26	mag_38752
26	mag_43420
26	mag_39071
26	mag_43111
26	mag_39052
26	mag_43002
26	mag_41879
26	mag_41193
26	mag_41175
26	mag_41168
26	mag_43167
26	mag_61174
26	mag_58978
26	mag_41159
26	mag_57077
26	mag_56628
26	mag_56135
26	mag_39729
26	mag_42958
26	mag_43367
26	mag_43369
26	mag_40901
26	mag_43556
26	mag_42303
26	mag_38521
26	mag_40767
26	mag_41423
26	mag_40782
26	mag_40752
26	mag_41844
26	mag_40788
26	Magnetobacteriaceae
26	mag_39860
26	mag_41405
26	mag_48491
26	mag_40830
26	mag_49290
26	mag_40831
26	mag_42724
26	mag_42153
26	mag_43869
26	mag_38993
26	mag_39132
26	mag_39130
26	mag_42690
26	mag_40899
26	mag_50766
26	mag_40876
26	mag_43935
26	mag_51622
27	mag_42253
27	mag_42177
27	mag_41885
27	mag_40133
27	mag_65224
27	mag_49157
27	mag_25069
27	mag_61847
27	mag_49007
27	mag_41674
27	mag_39712
27	mag_45577
27	mag_46138
27	mag_46538
27	mag_40005
27	mag_46108
27	mag_42208
27	mag_51172
27	mag_45988
27	mag_42107
27	mag_53205
27	mag_42128
27	mag_38713
27	mag_55868
27	mag_42130
27	mag_49875
27	mag_40090
27	mag_38885
27	mag_40094
27	mag_42054
27	mag_49571
27	mag_40015
27	mag_41973
27	mag_45800
27	mag_40080
27	mag_45847
27	mag_41233
27	mag_43999
27	mag_77836
27	mag_43327
27	mag_42934
27	mag_40570
27	mag_42574
27	mag_38225
27	mag_43530
27	mag_43537
27	mag_40639
27	mag_39241
27	mag_41486
27	mag_44052
27	mag_42834
27	mag_40662
27	mag_44019
27	mag_41373
27	mag_41928
27	mag_42832
27	mag_41448
27	mag_43896
27	mag_42776
27	mag_41445
27	mag_42816
27	mag_40776
27	mag_42821
27	mag_40885
27	mag_43656
27	mag_44427
27	mag_43282
27	mag_42531
27	mag_41264
27	mag_41226
27	mag_40167
27	mag_41653
27	mag_39413
27	mag_41649
27	mag_42355
27	mag_43159
27	mag_40244
27	mag_45173
27	mag_41259
27	mag_41604
27	mag_44953
27	mag_39044
27	mag_44859
27	mag_44827
27	mag_40846
27	mag_44788
27	mag_39050
27	mag_42498
27	mag_37994
27	mag_44483
28	Cadmium resistance
28	N-acetylneuraminate utilization
28	tRNA aminoacylation, Cys
28	Pseudoalteromonadaceae
28	Mevalonate metabolic pathway
28	Bacitracin resistance
28	Bacterial checkpoint-control-related cluster
28	5-methylaminomethyl-2-thiouridine
28	Isoprenoid Biosynthesis: Interconversions
28	Tagatose utilization
28	tRNA aminoacylation, Asp
28	Ferrous iron transporter EfeUOB, low-pH-induced
28	Paenibacillaceae
28	tRNA thiolation
28	VraTSR and LiaFSR three-component regulatory systems
28	ATP-dependent Nuclease
29	IMP and Xanthine conversion to XMP and GMP module
29	Hyperosmotic potassium uptake
29	tRNA aminoacylation, Asn
29	DNA repair, bacterial MutHLS system
30	Type I restriction-modification systems
30	Damaged nicotinamide nucleotide NAD(P)HX repair
30	CoA disulfide thiol-disulfide redox system
30	Twin-arginine translocation system
30	SecY2-SecA2 Specialized Transport System
30	Folate Biosynthesis
31	mag_38430
31	mag_38589
31	mag_38628
31	mag_38703
31	mag_37886
31	mag_37857
31	mag_38144
31	mag_37852
31	mag_39058
31	mag_39377
31	mag_39606
31	mag_38366
31	mag_37812
31	mag_38915
31	mag_38340
31	mag_38916
31	mag_39477
31	mag_39000
31	mag_38510
31	mag_38109
31	mag_39508
31	mag_38171
31	mag_38723
31	mag_38129
31	mag_39249
31	mag_39261
31	mag_38868
31	mag_38322
31	mag_39063
31	mag_39491
31	mag_38917
31	mag_38580
31	mag_39620
31	mag_41059
31	mag_41903
31	mag_42626
31	mag_40014
31	mag_56337
31	mag_42786
31	mag_44345
31	mag_44396
31	mag_42902
31	mag_43477
31	mag_43422
31	Aminoglycoside modifying enzymes: O-nucleotidyltransferases
31	mag_40152
31	PEB1, the major cell-binding factor of Campylobacter jejuni
31	mag_47635
31	mag_40173
31	mag_45856
31	mag_44800
31	mag_40208
31	mag_52662
31	mag_43196
31	mag_40241
31	mag_42084
31	mag_40256
31	mag_41268
31	mag_40317
31	Programmed cell death toxin-antitoxin PezAT
31	BOX elements in Streptococci
31	mag_41761
31	mag_39991
31	mag_40746
31	mag_41036
31	mag_46179
31	Macrolides, lincosamides, streptogramins, ketolides, oxazolidinones (MLSKO) resistance: ribosomal protection
31	Macrolides, lincosamides, streptogramins, ketolides, oxazolidinones (MLSKO) resistance: efflux systems
31	mag_45843
31	mag_45832
31	mag_41025
31	mag_45044
31	mag_41404
31	mag_43721
31	mag_42188
31	mag_61979
31	mag_42457
31	mag_59318
31	mag_42394
31	mag_45405
31	mag_46940
31	mag_40852
31	mag_39902
31	mag_39897
31	mag_39845
31	mag_43670
31	Glutathione: Biosynthesis and gamma-glutamyl cycle
31	mag_39879
31	mag_39863
31	mag_39853
31	mag_46532
31	mag_44958
32	Fermentations: Mixed acid
32	Proline Synthesis
32	GMP synthase
32	Ribosome activity modulation
32	Pyruvate formate-lyase cluster with possible role in choline utilization
33	Pyruvate formate-lyase cluster
33	tRNA aminoacylation, Leu
33	tRNA aminoacylation, Arg
33	Threonine anaerobic catabolism gene cluster
34	EcsAB transporter affecting expression and secretion of secretory preproteins
34	Glutathione: Redox cycle
34	L-serine dehydratase subunits
34	Fatty acid synthesis
34	ATP-dependent RNA helicases, bacterial
34	Control of cell elongation - division cycle in Bacilli
34	Stress response and cell wall lysis cluster
34	D-alanylation of teichoic acid
34	Magnesium transport
34	2-O-alpha-mannosyl-D-glycerate utilization
34	HPr catabolite repression system
34	Glycyl-tRNA synthetase
34	Efflux ABC transporters BmrCD and LmrCD involved in multidrug resistance
34	Efflux ABC transporter MdlAB
34	Streptococcaceae
34	BarA-UvrY(SirA) two-component regulatory system
34	Late competence
34	Fatty Acid Biosynthesis FASII
35	Enoyl-[ACP] reductases disambiguation
35	NAD and NADP cofactor biosynthesis bacterial
35	Undecaprenyl-diphosphatases
35	NAD and NADP cofactor biosynthesis global
35	Lactose utilization
35	Fatty Acid Biosynthesis cluster
35	tRNA aminoacylation, Met
35	Peptide methionine sulfoxide reductase
35	Resistance to Triclosan
36	Purine nucleotide synthesis regulator
36	Threonine synthase cluster
36	Universal GTPases
36	RNA pseudouridine synthases
36	Thiamin, thiazole, hydroxymethylpyrimidine salvage and uptake
36	Resistance to Daptomycin
36	Cell envelope-associated LytR-CpsA-Psr transcriptional attenuators
36	CtsR and MscAB regulation of protein degradation
36	Ribonuclease J family
36	Sex pheromones in Enterococcus faecalis and other Firmicutes
36	DNA internalization-related cluster
37	Treboniaceae
37	Legionellaceae
37	mag_41634
37	mag_41667
37	mag_39043
37	Micrococcaceae
37	mag_42392
37	mag_43729
37	Mycobacterial HadABC proteins ((3R)-hydroxyacyl-ACP dehydrates of FASII)
37	mag_42397
37	mag_38045
37	Glutathione analogs: mycothiol
37	Glycerol fermentation to 1,3-propanediol
37	Possible stress related actinobacterial cluster
37	Head-to-head olefinic hydrocarbon biosynthesis
37	Alkane synthesis in bacteria 2
37	mag_3407
37	mag_44342
37	mag_39065
38	Francisellaceae
38	Synechococcaceae
38	Actinopolymorphaceae
38	Nudix proteins (nucleoside triphosphate hydrolases)
38	mag_3848
38	Syntrophaceae
38	Twin-arginine translocation system related cluster
39	tRNA nucleotidyltransferase
39	Protein-O-mannosyltransferase and 16S rRNA (cytidine(1402)-2'-O)-methyltransferase cluster
39	mag_38170
39	N,N'-diacetylbacillosamine
39	mag_42444
39	Mycobacterial heme acquisition system
39	Diphtheria toxin
39	Glycomycetaceae
39	Molybdenum cofactor biosynthesis
39	Iron Scavenging cluster in Thermus
39	Widespread colonization island
39	mag_38082
39	Actinobacterial signal transduction system MtrAB-LpqB
39	Acyl carrier protein
39	mag_39461
39	mag_19647
39	3-amino-5-hydroxybenzoic Acid Synthesis
40	mag_57327
40	Rut pathway of pyrimidine degradation
40	Nocardiaceae
40	Brevibacteriaceae
40	Sigma54-dependent transcription related gene cluster
40	Cyanobacterial bypass in the TCA
40	Dermatophilaceae
40	Nakamurellaceae
40	mag_501
41	mag_38412
41	mag_2913
41	mag_55
41	Fermentibacteraceae
41	mag_38283
41	Amino acid racemase
41	mag_39030
41	tRNA aminoacylation, His
41	mag_42350
41	Acetolactate synthase subunits
41	mag_39102
41	Cluster related to 2-thiouridine modification of tRNAs
41	DNA repair, bacterial SbcCD exonuclease
41	Reyranellaceae
42	Translation elongation factor G family
42	Biosynthesis of Arabinogalactan in Mycobacteria
42	DNA repair, bacterial RecFOR pathway
42	Cell division initiation related cluster
42	DNA repair, bacterial
42	RecA and RecX
42	Osmoregulation
42	DNA Repair Base Excision
42	Fusidic acid resistance
43	Sulfur metabolism related cluster
43	High affinity phosphate transporter and control of PHO regulon
43	Heme, hemin uptake and utilization systems in GramPositives
44	Choline uptake and conversion to betaine clusters
44	Denitrifying reductase gene clusters
44	Oxygen-sensing two-component regulatory system NreABC
44	Dissimilatory nitrite reductase
44	Resistance to the fluoroquinolones norfloxacin and ciprofloxacin
45	Clostridiales Family XVII. Incertae Sedis
45	Coenzyme A Biosynthesis cluster
45	Sporulation Cluster
46	Heme Biosynthesis: protoporphyrin-, coproporphyrin- and siroheme-dependent pathways
46	Bicyclomycin resistance cluster
46	Menaquinone biosynthesis from chorismate via 1,4-dihydroxy-2-naphthoate
46	Metal chelatases
47	Lipoic acid metabolism
47	Lipoylated proteins
48	Quinone oxidoreductase family
48	Siderophore assembly kit
48	Homoprotocatechuate degradative cluster
49	Multidrug resistance RND efflux system MexEFOprN
49	FtsEX cell-division-associated signaling system
49	Resistance to Ethionamide and Isoniazid
49	Alginate biosynthesis
49	Fatty acid degradation
49	Acyl-CoA thioesterase II
50	Biotin synthesis & utilization
50	TCA Cycle
50	Chlorophyll a synthase and phytol kinase cluster
50	Post-translational modification of proteins
50	Glycine cleavage system
50	Succinate dehydrogenase and Fumarate reductase cpmlexes
50	Biotin biosynthesis
50	Cytochrome d ubiquinol oxidase operon
51	Oligopeptide degradation cluster
51	Modification of eukaryotic initiation factor 5A
51	Pyridoxin (Vitamin B6) Biosynthesis
51	Protein chaperones
52	Muconate lactonizing enzyme family
52	Biosynthesis of thiamin antivitamin Bacimethrin
52	Branched-chain amino acids and alpha-keto acids utilization as energy sources
53	mag_39893
53	mag_4831
53	mag_7
53	mag_41437
53	mag_38086
53	mag_88
53	Bacteriocins in Lactobacilli
53	mag_37893
53	mag_37919
53	Mycobacterial lipid and multidrug efflux system proteins MmpL, MmpS
53	Holophagaceae
53	mag_37908
53	mag_38912
53	Parilichlamydiaceae
53	Microscillaceae
53	mag_40115
53	mag_42213
53	mag_43592
53	Lactobacillaceae
53	mag_42248
53	Atribacteraceae
53	mag_37689
53	mag_31
53	Nitriliruptoraceae
53	mag_30
53	mag_39452
54	Cluster related to PAS - para-aminosalicylic acid resistance
54	tRNA aminoacylation, Lys
54	Entner-Doudoroff Pathway
54	Programmed frameshift
54	Thermomonosporaceae
54	Streptomycetaceae
55	Jonesiaceae
55	Beutenbergiaceae
55	Streptosporangiaceae
55	Cellulomonadaceae
55	Benzoyl-CoA pathway of anaerobic aromatic metabolism
55	Dermabacteraceae
55	Intrasporangiaceae
55	mag_282
55	Jiangellaceae
55	Bogoriellaceae
55	Inositol catabolism
55	Kineosporiaceae
55	Promicromonosporaceae
55	Ruaniaceae
55	mag_38136
55	mag_37897
55	Sigma54-dependent transcription related gene cluster 2
56	Mechanisms of PAS resistance
56	Chaperones GroEL GroES and Thermosome
56	Replication-associated recombination protein RarA
56	YrdC-YciO-Sua5 and associated protein families
56	Pentose phosphate pathway
57	tRNA aminoacylation, Val
57	Glycolysis and Gluconeogenesis
57	Possible new toxin-antitoxin system including DivIC
57	Bacterial cell division related cluster 2
58	De Novo Pyrimidine Synthesis
58	Quinolone (Fluoroquinolone) resistance via Pentapeptide repeat proteins
58	DNA topoisomerases, Type II, ATP-dependent
58	Peptidase clustering with DAP
58	DNA processing cluster
58	Antibiotic targets in DNA processing
58	Calvin-Benson cycle
59	Signal peptidase
59	dTDP-3-acetamido-3,6-dideoxy-alpha-D-galactose synthesis
59	DNA repair, bacterial UvrD and related helicases
59	Mycobacterial lipoproteins (LPR group)
59	Gram-negative cluster
59	Antibiotic targets in metabolic pathways
60	Lipopolysaccharide-related cluster in Alphaproteobacteria
60	Nonmevalonate Branch of Isoprenoid Biosynthesis
60	Nucleoside triphosphate pyrophosphohydrolase MazG
61	GDP-fucose to mannose-1P module
61	Glutamine synthetases
61	Riboflavin, FMN and FAD metabolism with fusion events
61	Cell division related cluster
61	Na(+) H(+) antiporter
61	RuvABC plus a hypothetical
61	mag_44119
61	Tripartite efflux system (of RND type) associated with Geranylgeranyl-PP synthase
62	mag_38593
62	mag_40822
62	mag_38314
62	Borreliaceae
62	mag_39921
62	mag_318
62	mag_39600
62	mag_38931
62	mag_38643
62	mag_3033
62	mag_41216
62	mag_44532
62	mag_39117
62	mag_41042
62	mag_38248
62	mag_41523
62	mag_38113
62	Sulfuricellaceae
62	mag_37989
62	mag_37625
62	mag_37898
62	mag_38436
62	mag_38458
62	mag_42638
62	mag_38561
62	mag_37695
62	mag_2983
62	mag_38835
62	mag_40434
62	mag_41720
62	mag_40712
62	mag_38504
62	Listeria surface proteins: Internalin-like proteins
62	mag_38102
62	mag_40645
62	mag_38546
62	mag_37779
62	mag_3040
62	mag_39658
62	mag_43630
62	mag_40738
62	mag_39806
62	mag_40692
62	mag_273
62	mag_39365
62	mag_41587
62	mag_37927
62	mag_6163
62	mag_40333
62	mag_39039
62	Neisseriaceae
62	mag_39307
62	mag_41394
62	mag_37940
63	mag_68728
63	mag_2968
63	mag_70473
63	mag_44105
63	mag_38037
63	mag_59210
63	mag_20244
63	mag_38010
63	mag_426
63	mag_37739
63	mag_37751
63	mag_45712
63	mag_45673
63	mag_37773
63	mag_45595
63	mag_45952
63	mag_37790
63	mag_45979
63	mag_37808
63	mag_45480
63	mag_37829
63	mag_45329
63	mag_38013
63	mag_45309
63	mag_46502
63	mag_37883
63	mag_24283
63	mag_44819
63	mag_47597
63	mag_48754
63	mag_11966
63	mag_48840
63	mag_37928
63	Glycine reductase, sarcosine reductase and betaine reductase
63	mag_37958
63	HU-alpha and dsDNA mimic protein interaction
63	mag_52913
63	Anaerobic dimethyl sulfoxide reductase (EC 1.8.5.3)
63	mag_45037
63	mag_43157
63	mag_82829
63	mag_38083
63	mag_39047
63	mag_38499
63	mag_42927
63	Gemellaceae
63	mag_42949
63	mag_41106
63	mag_43005
63	mag_43007
63	mag_41286
63	mag_39111
63	mag_43096
63	mag_39113
63	mag_40939
63	mag_38360
63	mag_38764
63	Filifactoraceae
63	mag_39156
63	mag_38333
63	mag_38384
63	mag_39025
63	mag_41341
63	mag_42812
63	Pasteurellaceae
63	Psittacicellaceae
63	mag_41752
63	mag_41627
63	mag_38701
63	mag_38694
63	mag_38693
63	Ignatzschineriaceae
63	mag_41542
63	Echinimonadaceae
63	mag_38599
63	mag_38592
63	mag_38590
63	mag_38954
63	mag_38572
63	mag_41447
63	mag_41409
63	mag_42778
63	mag_38540
63	mag_38324
63	mag_39211
63	mag_40862
63	mag_38230
63	mag_38227
63	mag_43508
63	mag_39793
63	mag_39398
63	mag_39826
63	mag_40168
63	mag_38121
63	mag_40147
63	mag_40052
63	Nitrospinaceae
63	mag_43722
63	mag_38184
63	mag_43624
63	mag_39958
63	mag_38169
63	mag_38158
63	mag_38235
63	mag_39934
63	mag_39695
63	mag_40344
63	mag_38095
63	mag_43885
63	mag_40466
63	mag_38104
63	mag_39691
63	mag_39573
63	mag_38285
63	mag_39640
64	mag_45741
64	mag_41867
64	mag_41779
64	Tolypothrichaceae
64	mag_45667
64	mag_41524
64	mag_45677
64	mag_39750
64	mag_37789
64	mag_40653
64	mag_39996
64	mag_41357
64	mag_39193
64	mag_47902
64	mag_40736
64	mag_40583
64	mag_40854
64	mag_46707
64	mag_40529
64	mag_46579
64	mag_40373
64	mag_38972
64	mag_40359
64	mag_39379
64	mag_46396
64	mag_39082
64	mag_41129
64	mag_37712
64	mag_40172
64	mag_46051
64	mag_54866
64	mag_40733
64	mag_40297
64	mag_42078
64	mag_41786
64	mag_37951
64	mag_44939
64	mag_38040
64	mag_42628
64	mag_44142
64	mag_37975
64	mag_44298
64	mag_38630
64	mag_44311
64	HipAB system implicated in growth arrest, persistence and drug tolerance
64	mag_43410
64	mag_37986
64	mag_43114
64	Periplasmic disulfide interchange
64	mag_44584
64	mag_37926
64	mag_43719
64	Phd-Doc, YdcE-YdcD toxin-antitoxin (programmed cell death) systems
64	Methionine Salvage
64	mag_43961
64	mag_42209
64	mag_43887
64	mag_42095
64	mag_43801
64	mag_38069
65	Type IV pilus
65	Cyanate hydrolysis
65	One-carbon metabolism by tetrahydropterines
65	Toxin-Antitoxin system HigAB
65	Polyamine Metabolism
65	Glycerolipid and Glycerophospholipid Metabolism in Bacteria
66	mag_40460
66	mag_43435
66	mag_43480
66	mag_40412
66	mag_37993
66	mag_40593
66	mag_39579
66	mag_3032
66	mag_40605
66	mag_40633
66	mag_38301
66	mag_39663
66	mag_43431
66	mag_40337
66	mag_38051
66	mag_39355
66	mag_39848
66	mag_57687
66	mag_3121
66	mag_39908
66	mag_38057
66	mag_39494
66	mag_38172
66	mag_38193
66	mag_40047
66	mag_39721
66	mag_40069
66	mag_40118
66	mag_38208
66	mag_39434
66	mag_38020
66	mag_39402
66	mag_38073
66	mag_3158
66	mag_40231
66	mag_38243
66	mag_38195
66	mag_38770
66	mag_43176
66	mag_38547
66	mag_42749
66	mag_42662
66	mag_37887
66	mag_38948
66	mag_38601
66	mag_42385
66	mag_42260
66	mag_41556
66	mag_38909
66	mag_42228
66	mag_45288
66	mag_41665
66	mag_41681
66	mag_41704
66	mag_38876
66	mag_38874
66	mag_38737
66	mag_38080
66	mag_38857
66	mag_38838
66	mag_41947
66	mag_41952
66	mag_37899
66	mag_38502
66	mag_37909
66	mag_45983
66	mag_39621
66	mag_45483
66	mag_40925
66	mag_38369
66	mag_37932
66	mag_40942
66	mag_39105
66	mag_37630
66	mag_46429
66	mag_39099
66	mag_38414
66	mag_43251
66	mag_41060
66	mag_38460
66	mag_44787
66	mag_41218
66	mag_41249
66	mag_37708
66	mag_38463
66	mag_44813
66	mag_46035
66	mag_38500
66	mag_37718
66	mag_37720
66	mag_38416
66	mag_39629
66	mag_38008
66	mag_104
66	Mycosporine synthesis cluster
66	Fervidobacteriaceae
66	Auribacteraceae
66	Verrucomicrobia subdivision 6
66	mag_2912
66	mag_11
66	Thermincolaceae
66	mag_307
66	Abyssicoccaceae
66	mag_285
66	Casimicrobiaceae
66	Geothermincolaceae
66	Chlorophyll Degradation
67	mag_41685
67	mag_37763
67	mag_39361
67	mag_38015
67	mag_41593
67	mag_45984
67	mag_43066
67	mag_38268
67	Selenomonadaceae
67	mag_4491
67	mag_17
67	Thermotaleaceae
67	mag_4283
67	mag_37970
67	mag_23
67	mag_39268
67	mag_37797
67	mag_26
67	mag_39209
67	Resistance to Ethambutol
67	Caminicellaceae
67	mag_37818
67	mag_38800
67	mag_37824
67	mag_37758
67	mag_327
67	Puniceispirillaceae
67	mag_38370
67	Treponemataceae
67	mag_28155
67	Hyaluronic Acid-containing Cell Walls
67	mag_39822
67	Dermocarpellaceae
67	Microcoleaceae
67	mag_38536
67	mag_45001
67	Oculatellaceae
67	mag_37647
67	mag_37653
67	Energy-conserving hydrogenase (ferredoxin)
67	mag_40040
67	mag_38444
67	Vulgatibacteraceae
67	mag_38685
67	mag_10766
67	Scalinduaceae
67	mag_37700
67	Nanoperiomorbaceae
67	DNA sulfur modification cluster
67	mag_132
67	mag_136
67	mag_37733
67	mag_37826
67	mag_4144
67	Thermostichaceae
67	mag_37874
67	mag_38148
67	mag_37866
67	mag_3053
67	mag_67
67	mag_103
67	mag_38854
67	Microvenatoraceae
67	mag_3155
67	mag_3098
67	mag_46
67	mag_42257
67	mag_38159
67	mag_289
67	mag_37849
67	mag_39103
67	mag_3022
68	mag_280
68	mag_37713
68	Armatimonadaceae
68	mag_42099
68	mag_37924
68	mag_38007
68	mag_37923
68	Thermodesulfatatoraceae
68	Clavichlamydiaceae
68	mag_37704
68	mag_37703
68	mag_41194
68	Multiple Antibiotic Resistance MAR locus
68	mag_41474
68	Thermoanaerobaculaceae
68	mag_42016
68	mag_816
68	Halothecacae
68	mag_37682
68	Prochlorococcaceae
68	mag_44420
68	mag_38030
68	mag_44399
68	Petrachlorosaceae
68	Thermotomaculaceae
68	mag_41431
68	Mycobacteriaceae
68	Deferrisomataceae
68	mag_41400
68	Aquificaceae
68	mag_39872
68	mag_37621
68	mag_1050
68	Lasso peptide maturation cluster
68	mag_37637
68	mag_38052
68	mag_38061
68	Chromulinivoraceae
68	mag_37662
68	mag_38018
68	Mannosylglucosylglycerate synthesis
68	mag_38022
68	Absconditicoccaceae
68	mag_323
68	mag_294
68	mag_37862
68	mag_37796
68	mag_37859
68	Quorum-sensing related cluster
68	mag_37799
68	mag_1390
68	mag_37800
68	Sporulation proteins SpoVA cluster
68	mag_27
68	mag_37865
68	Sporulation proteins SpoIIIAA-SpoIIIAH
68	mag_40807
68	mag_42728
68	mag_37820
68	mag_38199
68	Calderihabitantaceae
68	Sporulation Cluster III A
68	Yeguiaceae
68	mag_35
68	mag_42624
68	Resistance to Vancomycin and Teicoplanin
68	Sulphoglycolysis
68	mag_52
68	mag_351
68	Flavobacteriaceae
68	Blattabacteriaceae
68	mag_38009
68	mag_40456
68	mag_38183
68	Raineyaceae
68	Outer membrane proteases (Omptins)
68	mag_5
68	Particulate methane monooxygenase (pMMO)
68	Pentalenolactone Biosynthesis and Resistance
68	mag_38310
68	mag_38299
68	Toluene 4-monooxygenase (T4MO)
68	mag_37894
68	mag_41105
68	Caldicoprobacteraceae
68	mag_40646
68	mag_13
68	mag_40652
68	mag_37780
68	mag_165
68	NADP-reducing [FeFe]-hydrogenase
68	mag_41107
68	Sumerlaeaceae
68	mag_3024
68	mag_46819
68	mag_39010
68	mag_10010
68	mag_17161
68	mag_3171
68	mag_48723
68	Carboxysome
68	mag_39614
68	mag_3150
68	mag_39391
68	mag_2904
68	mag_10446
68	mag_10458
68	mag_2907
68	mag_3039
68	mag_39195
68	mag_2925
68	mag_47111
68	Anaerohalosphaeraceae
68	mag_45108
68	mag_3054
68	mag_2906
68	mag_38629
68	Methylothermaceae
68	mag_3216
68	mag_19492
68	Usitatibacteraceae
68	mag_38844
68	DNA phosphorothioation-dependent restriction system DptFGH
69	mag_281
69	mag_41235
69	Rhabdochlamydiaceae
69	mag_3046
69	mag_38738
69	RNA polymerase, archaeal
69	mag_38294
69	mag_54
69	Tepidiformaceae
69	Baekduiaceae
69	mag_3041
69	mag_16
69	mag_41187
69	mag_2949
69	mag_38224
69	mag_37727
69	mag_37875
69	Lacipirellulaceae
69	mag_41019
69	mag_56
69	mag_41908
69	Hydrogenedentaceae
69	mag_85
69	mag_37786
69	mag_77
69	mag_356
69	mag_278
69	Litorivicinaceae
69	mag_37702
69	Chroococcaceae
69	mag_297
69	mag_46075
69	Prenylated indole derivatives in actinomycetes
69	mag_38758
69	mag_545
69	mag_41204
69	Desulfovibrio high-molecular-weight cytochrome cluster
69	mag_128
69	Nodosilineaceae
69	Actinopolysporaceae
69	mag_42658
69	Prochlorotrichaceae
69	mag_37835
69	mag_38984
69	mag_37992
69	Hydrogen-sensing hydrogenase system
69	mag_38191
69	mag_2931
69	Aminobacteriaceae
69	Aliterellaceae
69	mag_2910
69	G-protein-coupled receptor (GPCR) system in Actinobacteria
69	mag_38588
69	mag_3214
69	mag_38300
69	mag_19752
69	SpoVS protein family
69	Azoamicaceae
69	mag_38602
69	mag_38605
69	mag_38627
69	mag_34
69	mag_4916
69	mag_38029
69	Sulfhydrogenase
69	mag_38206
69	Lawsonellaceae
69	mag_2930
69	mag_47
69	mag_39637
69	mag_14852
69	Streptolysin S
69	Desulfohalobiaceae
69	Laspinemataceae
69	mag_37634
69	mag_37823
69	mag_38910
69	mag_3060
69	mag_38528
69	mag_15904
69	Chitobiose
69	mag_37623
69	mag_38832
69	mag_310
70	mag_38288
70	mag_38088
70	mag_41110
70	mag_37904
70	mag_37761
70	mag_2911
70	mag_37764
70	mag_38834
70	mag_38258
70	mag_37842
70	mag_38164
70	mag_38
70	mag_38192
70	mag_48496
70	mag_42388
70	mag_38221
70	mag_37809
70	mag_39115
70	mag_25
70	mag_39232
70	mag_38756
70	mag_38115
70	mag_21
70	mag_38249
70	mag_38112
70	mag_40707
70	mag_38754
70	mag_37878
70	mag_42145
70	mag_40368
70	mag_39098
70	mag_39898
70	mag_38036
70	mag_3037
70	ABC transporter of unknown substrate X
70	mag_39932
70	mag_38663
70	Chroococcidiopsidaceae
70	mag_906
70	mag_39993
70	mag_43956
70	mag_41263
70	mag_38899
70	mag_39584
70	mag_41180
70	Thiohalophilaceae
70	Corynebacteriaceae
70	mag_43725
70	mag_39033
70	mag_16175
70	mag_38595
70	mag_37998
70	Gallic acid utilization
70	mag_24594
70	mag_41463
70	mag_2998
70	mag_44970
70	mag_1140
70	mag_32368
70	mag_38573
70	mag_39823
70	mag_38016
70	mag_39857
70	Arenicellaceae
70	mag_44229
70	mag_41672
70	Dissulfurispiraceae
70	mag_38449
70	Terrimicrobiaceae
70	mag_381
70	mag_43384
70	Vibrioferrin synthesis
70	mag_37917
70	mag_6626
70	mag_3
70	mag_3056
70	Eremiobacteraceae
70	mag_39469
70	mag_7573
70	mag_38344
70	mag_41865
70	mag_37848
70	mag_37719
70	Methylohalomonadaceae
70	mag_38887
70	mag_45574
70	Mycobacterial signal transduction system MprAB required for persistent infections
70	mag_37936
70	mag_39498
70	mag_9508
70	mag_40213
70	mag_39501
70	mag_45504
70	mag_40191
70	mag_41230
71	mag_135
71	mag_304
71	mag_49
71	Sedimenticolaceae
71	Wenzhouxiangellaceae
71	Hafniaceae
71	mag_37916
71	Bradymonadaceae
71	Leeiaceae
71	Thiobacillaceae
71	Salinicoccaceae
71	mag_303
71	mag_41140
71	mag_38098
71	mag_2989
71	mag_37891
71	mag_39054
71	mag_237
71	mag_2960
71	mag_37855
71	mag_60
71	GlrKR two-component regulatory system
71	mag_38237
71	mag_38238
71	Sirenicapillariaceae
71	mag_39889
71	mag_38280
71	Predicted secretion system X
71	mag_38281
71	mag_998
71	Desulfosarcinaceae
71	mag_5063
71	Phr peptides - Rap phosphatases signaling
71	Photosystem I
71	Phosphonoalanine utilization
71	Phosphonate (phosphite) dehydrogenase
71	mag_43301
71	mag_6356
71	mag_42
71	mag_400
71	Bernardetiaceae
71	Aerosakkonemataceae
71	mag_6634
71	Perlucidibacaceae
71	mag_38655
71	mag_40275
71	mag_38391
71	mag_37656
71	Desulfofervidaceae
71	mag_38769
71	Syntrophotaleaceae
71	mag_1132
71	mag_39751
71	mag_40890
71	mag_36
71	Siderophore Mycobactin
71	mag_3239
71	Glycerol utilization cluster
71	mag_3256
71	mag_19133
71	Hydrogenophilaceae
71	mag_3317
71	mag_37815
71	mag_37806
71	mag_3307
71	mag_2924
71	mag_38234
72	Cellvibrionaceae
72	Pseudohongiellaceae
72	Xanthobacteraceae
72	Terasakiellaceae
72	Porticoccaceae
72	Halothiobacillaceae
72	Saccharospirillaceae
72	Dongiaceae
72	ABC transporter YeiABEF
72	Ectothiorhodospiraceae
72	Micropepsaceae
72	Desulfomicrobiaceae
72	Nitrospiraceae
72	Azospirillaceae
73	Pyrinomonadaceae
73	mag_43684
73	Woeseiaceae
73	Victivallaceae
73	Entericidin
73	Balneatrichaceae
73	mag_37709
73	Fastidiosibacteraceae
73	Magnetospirillaceae
73	Desulfobulbaceae
73	mag_109
73	mag_45924
73	Bacteriocin resistance related cluster
73	Gemmatimonadaceae
73	Cell wall-associated cluster in Mycobacterium
73	Robiginitomaculaceae
73	Inner membrane proteins of MarC family, not involved in antibiotic resistance
73	mag_37631
73	Oleiphilaceae
73	mag_48
74	mag_38048
74	Trichocoleusaceae
74	mag_39605
74	mag_38983
74	mag_39597
74	mag_38919
74	Oligosphaeraceae
74	mag_39804
74	mag_39773
74	mag_38166
74	mag_38461
74	mag_39270
74	mag_39120
74	mag_41066
74	Chitinivibrionaceae
74	mag_39221
74	mag_38774
74	mag_40966
74	mag_28
74	mag_38823
74	mag_39147
74	mag_39150
74	mag_39186
74	mag_39168
74	mag_40840
74	mag_38806
74	mag_38253
74	mag_38467
74	mag_40700
74	mag_39306
74	mag_38450
74	Thermodesulforhabdaceae
74	mag_38420
74	mag_40145
74	mag_38695
74	mag_40212
74	mag_40395
74	mag_41202
74	Persicobacteraceae
74	mag_40522
74	mag_41192
74	mag_40552
74	mag_38091
74	mag_38093
74	mag_39345
74	mag_39282
74	mag_38311
74	mag_38949
74	mag_42621
74	mag_41728
74	mag_44113
74	mag_43460
74	mag_44196
74	mag_3070
74	mag_43259
74	mag_43134
74	mag_37921
74	mag_354
74	mag_3050
74	mag_50004
74	mag_47169
74	mag_42944
74	mag_46078
74	mag_44717
74	mag_42837
74	mag_44972
74	mag_42661
74	mag_42530
74	mag_45767
74	mag_37785
74	AMP to 3-phosphoglycerate
74	mag_37771
74	mag_45564
74	mag_3028
74	mag_37688
74	mag_37696
74	mag_3021
74	mag_37999
74	mag_41574
75	Magnetococcaceae
75	Helicobacteraceae
75	mag_44979
75	Mycoplasmataceae
75	Planctomycetaceae
75	mag_97
75	mag_38745
75	mag_48436
75	mag_84
75	mag_39874
75	Kytococcaceae
75	Entomoplasmataceae
75	mag_39016
75	Roseivirgaceae
75	mag_9607
75	mag_38330
75	Chthoniobacteraceae
75	mag_38338
75	mag_38494
75	mag_37642
75	Cyclonatronaceae
76	mag_40775
76	Proteinivoraceae
76	mag_39683
76	Fusobacteriaceae
76	mag_572
76	mag_37710
76	mag_8679
76	Leptotrichiaceae
76	mag_38638
76	mag_45159
76	Nannocystaceae
76	mag_16415
76	mag_37847
76	mag_40835
76	mag_37827
76	mag_38387
76	mag_42532
76	mag_37837
76	mag_38686
76	mag_11253
76	Defluviitaleaceae
76	mag_38215
76	mag_42918
76	mag_37680
76	mag_341
76	Dissulfuribacteraceae
76	mag_40028
76	mag_38337
76	mag_38496
76	mag_450
76	Lysine fermentation to crotonoyl-CoA
76	Methanogenesis from methylated compounds
76	mag_37643
76	mag_37748
76	mag_38309
76	mag_1061
76	mag_38538
76	mag_38298
76	Iron(III) dicitrate transport system Fec
76	mag_40556
76	Desulfatibacillaceae
76	mag_43818
76	mag_37791
76	mag_342
76	mag_23027
76	Tepidanaerobacteraceae
76	mag_44669
76	NAD-reducing [NiFe] hydrogenase HoxFUYH(E)
76	mag_37691
76	Limnochordaceae
76	mag_27157
76	Synergistaceae
76	mag_34893
76	mag_38277
76	mag_37775
76	mag_40102
76	mag_37722
76	Culicoidibacteraceae
76	Jatrophihabitantaceae
76	mag_41088
76	mag_41688
76	mag_4679
76	Desulfallaceae
76	mag_37882
76	mag_2990
76	mag_2954
76	mag_37888
76	mag_4393
76	mag_65
76	mag_39042
76	mag_302
76	mag_37954
76	mag_3306
76	Deianiraeaceae
76	mag_41744
76	mag_89
76	mag_39064
76	mag_3068
76	mag_75
76	mag_37933
76	mag_37911
76	mag_283
76	mag_7297
76	mag_2948
76	Caldicellulosiruptoraceae
76	mag_4789
76	mag_37880
76	Agrocinopine utilization
76	mag_38978
76	mag_39390
76	mag_38012
76	mag_40964
76	mag_3017
76	Catenulisporaceae
76	mag_42283
76	mag_75531
76	mag_39388
76	mag_127
76	Peptococcaceae
76	mag_39015
76	Eubacteriales Family XIII. Incertae Sedis
76	mag_51
76	Teichuronic acid biosynthesis
77	mag_37995
77	mag_970
77	Aeolococcaceae
77	mag_37638
77	L-2-amino-adipate to lysine module
77	mag_3026
77	mag_86
77	mag_38318
77	Thermosulfidibacteraceae
77	mag_623
77	mag_56754
77	mag_3073
77	mag_40182
77	Desulfobacteriaceae
77	Termititenacaceae
77	mag_38292
77	mag_38869
77	Miltoncostaeaceae
77	Rickettsiaceae
77	Salsipaludibacteraceae
77	Tropherymataceae
77	Hakubellaceae
77	Schleiferiaceae
77	mag_98
77	mag_38457
77	mag_534
77	Celerinatantimonadaceae
77	Sulfurovaceae
77	mag_357
77	mag_37961
77	Limisphaeraceae
77	Macrolides, lincosamides, streptogramins, ketolides, oxazolidinones (MLSKO) resistance: rRNA methylases
77	Zymomonadaceae
77	mag_37959
77	Aquicultoraceae
77	Thermoflexibacteraceae
77	Anoxymicrobiaceae
77	Euzebyaceae
77	mag_38046
77	mag_37697
77	mag_38279
77	Vecturitrichaceae
77	mag_1064
77	Dictyoglomaceae
77	mag_299
77	mag_21212
77	mag_306
77	F0F1-type ATP synthase
77	mag_4420
77	mag_39272
77	Eubacteriaceae
77	mag_37821
77	mag_12434
77	Gracilibacteraceae
77	Tindalliaceae
77	mag_325
77	mag_57
77	mag_6248
77	mag_38672
77	Lutisporaceae
77	mag_45171
77	Koleobacteraceae
77	mag_37871
77	Dihydroxyacetone kinases
77	Thiohalobacteraceae
77	mag_6420
77	Sporulation gene orphans
77	mag_38413
77	mag_39189
77	Tepidibacteraceae
77	Autoinducer 2 (AI-2) transport and processing (lsrACDBFGE operon)
77	mag_31208
77	mag_39119
77	Propanediol utilization
77	Veillonellaceae
77	Spirochaetaceae
77	mag_42197
77	Acidilutibacteraceae
77	mag_1255
77	Gottschalkiaceae
77	mag_38275
77	Adiutricaceae
77	mag_37918
77	mag_37772
77	Desulfarculaceae
77	Coprobacillaceae
77	Thermosediminibacteraceae
78	Maliibacteriaceae
78	mag_34099
78	mag_40234
78	Steroidobacteraceae
78	mag_41872
78	mag_2933
78	mag_7782
78	Exosporium
78	Pelagicoccaceae
78	Bacillibactin Siderophore
78	Lentisphaeraceae
78	mag_40089
78	mag_4
78	Ichthyobacteriaceae
78	Heterocyst formation in cyanobacteria
78	Macrolides, lincosamides, streptogramins, ketolides, oxazolidinones (MLSKO) resistance: enzymatic degradation
78	mag_78
79	Calditerrivibrionaceae
79	mag_39198
79	mag_1001
79	mag_39242
79	mag_3104
79	mag_2915
79	mag_37641
79	mag_38784
79	mag_37650
79	mag_39788
79	mag_102
79	mag_269
79	mag_37974
79	mag_40216
79	mag_329
79	mag_42234
79	mag_352
80	Desulfosudaceae
80	mag_3049
80	mag_37636
80	Xenococcaceae
80	Aphanizomenonaceae
80	mag_3043
80	mag_39891
80	mag_249
80	Desulforegulaceae
80	O-methyl phosphoramidate modification in capsular polysaccharide
80	mag_87
80	mag_40621
80	mag_3052
80	mag_38658
80	Hyaluronate utilization
80	mag_38837
80	Desulfurisporaceae
80	Tetracycline resistance, all mechanisms
80	mag_39419
80	mag_2923
80	mag_38718
80	mag_3264
80	mag_37663
80	mag_295
80	mag_37803
80	mag_38616
80	Rubricoccaceae
80	mag_38613
80	mag_39732
80	mag_3115
80	Natranaerobiaceae
80	Geoalkalibacteraceae
80	mag_39785
80	mag_37692
80	mag_140
80	mag_183
80	mag_38405
80	mag_38437
80	mag_595
81	2-aminophenol Metabolism
81	mag_43033
81	Toxin-antitoxin replicon stabilization systems
81	mag_43412
81	2-phosphoglycolate salvage
81	mag_43533
81	Arginine decarboxylase and Agmatinase cluster
82	mag_39181
82	mag_37716
82	mag_39553
82	Desulfatiglandaceae
82	mag_39868
82	mag_38185
82	mag_37817
82	mag_3020
82	mag_43817
82	mag_42495
82	mag_44418
82	mag_44504
82	mag_49861
82	mag_349
82	mag_71
82	mag_38622
82	mag_40300
82	mag_40761
82	mag_38621
82	mag_24
82	mag_2544
82	mag_37816
82	mag_39184
82	mag_46418
82	mag_41057
82	mag_2917
82	mag_38127
82	mag_38765
82	mag_38035
82	mag_3016
82	mag_66
82	mag_37706
82	mag_10
82	mag_57777
82	mag_38160
82	Methanogenesis
82	Waddliaceae
82	mag_37841
82	mag_44
82	mag_45
82	mag_37851
83	Clostridiales Family XVI. Incertae Sedis
83	ESAT-6 proteins secretion system in Mycobacteria (locus ESX-3)
83	mag_42473
83	mag_3833
83	mag_3795
83	mag_1965
83	mag_2922
83	mag_18239
83	mag_38141
83	mag_38162
83	mag_2602
83	mag_44977
83	Mycofactocin system cluster
83	mag_40844
83	mag_37
83	mag_42223
83	mag_37699
83	mag_17650
83	mag_40821
83	mag_37900
83	mag_43695
83	mag_3348
83	Desulfitibacteraceae
83	Mcinerneyibacteriaceae
83	Crenotrichaceae
83	mag_40008
83	mag_19765
83	mag_1063
83	mag_41759
83	mag_37752
83	Activation of fatty acids as acyl-adenylates cluster subgroup FadD10
83	mag_38307
83	mag_38535
83	mag_390
83	Chloroflexaceae
83	mag_37725
83	mag_37740
83	Oceanococcaceae
83	Abditibacteriaceae
83	Membrane bound hydrogenase Mbh -- gjo
83	mag_39049
83	mag_946
83	Membrane bound hydrogenase Mbh
83	Outer membrane porins in Mycobacteria
83	mag_3027
83	Anthocerotibacteraceae
83	Rubritaleaceae
83	mag_37667
83	Vicingaceae
83	Peptoniphilaceae
83	mag_38019
83	mag_37889
83	mag_37801
83	Geovibrionaceae
83	Breznakiellaceae
83	mag_39843
83	mag_79
83	mag_2918
83	mag_38262
83	Ardenticatenaceae
83	mag_31228
84	DAP (1,3-diaminopropane) production
84	dTDP-rhamnose synthesis
84	dTDP-rhamnose synthesis -- gjo
85	Transcription factors, cyanobacterial RpoD-like sigma factors
85	Hfl operon
86	mag_40881
86	mag_95
86	mag_43990
86	mag_39163
86	mag_39293
86	mag_13842
86	mag_42872
86	mag_3751
86	Thermoanaerobacterales Family III. Incertae Sedis
86	Oscillospiraceae
86	mag_3018
86	Vallitaleaceae
86	Ribonucleotide reduction
86	mag_39212
86	mag_276
86	mag_39068
86	Nicotinate catabolism, anaerobic
86	mag_40528
86	Izemoplasmataceae
86	Anaerobic Oxidative Degradation of L-Ornithine
86	mag_38445
86	mag_39196
87	mag_42104
87	mag_41689
87	mag_42126
87	mag_38105
87	mag_101
87	mag_3074
87	mag_39230
87	mag_37943
87	mag_41670
87	mag_2946
87	mag_41607
87	mag_46328
87	mag_39085
87	mag_115
87	mag_38816
87	mag_37960
87	mag_38100
87	Saccharimonadaceae
87	mag_40684
87	mag_38355
87	mag_42984
87	mag_39764
87	mag_44577
87	mag_37685
87	mag_43006
87	mag_37781
87	mag_38265
87	Parvicellaceae
87	Thermoflexaceae
87	Chrysiogenaceae
87	mag_517
87	mag_35375
87	mag_43105
87	Tissierellaceae
87	mag_38475
87	Desulfatirhabdiaceae
87	mag_43154
87	mag_43294
87	Amoebophilaceae
87	Desulfosalsimonadaceae
87	mag_37738
87	mag_38518
87	mag_38320
87	mag_37776
87	mag_39694
87	Endomicrobiaceae
87	Kiritimatiellaceae
87	mag_37870
87	Nanosynbacteraceae
87	mag_42320
87	mag_40207
87	mag_5888
87	mag_38407
87	mag_46052
87	mag_42429
87	mag_42440
87	Coraliomargaritaceae
87	mag_11411
87	mag_40098
87	mag_37839
87	mag_39329
87	mag_38664
87	mag_37877
87	mag_37879
87	mag_39627
87	mag_39641
87	mag_331
87	Nanogingivalaceae
87	mag_39427
88	Chamaesiphonaceae
88	A new toxin - antitoxin system
88	Nitrilase
88	Methylhydantoinase
88	Nicotinic acid utilization
88	Alcaligenaceae
88	Sterolibacteriaceae
88	Ktedonosporobacteraceae
88	Gallionellaceae
88	Osmotic stress cluster
88	Azonexaceae
88	Lysine fermentation
88	Tetrathionate respiration
88	Fortieaceae
88	Conjugative transfer
88	Emcibacteraceae
88	Copper uptake system CopCD
88	Thermithiobacillaceae
88	D-threonate, L-threonate and D-erythronate utilization
88	Ectoine synthesis
88	Labilitrichaceae
88	Carbon monoxide induced hydrogenase
88	Ethylmalonyl-CoA pathway of C2 assimilation
88	Resistance to chromium compounds
88	Tricarballylate Utilization
88	Rcs two-component regulator of capsule synthesis
88	Aromatic amino acid interconversions with aryl acids
88	Type 4 secretion and conjugative transfer
88	Vir-like type 4 secretion system
88	Indole-pyruvate oxidoreductase complex
88	Agrobacterium opine transport
88	Elioraeaceae
88	Cholesterol catabolism
88	Indoleacetamide metabolism
88	Stellaceae
88	Integrons
88	Oxygen-sensing diguanylate cyclase and phosphodiesterase couple for c-di-GMP control
88	Cyclobacteriaceae
88	Paceibacteraceae
88	2,3-diacetamido-2,3-dideoxy-d-mannuronic acid
88	Pleioneaceae
88	mag_74
88	Desulfonatronaceae
88	Verrucomicrobiaceae
88	mag_72
88	mag_92
88	mag_2
88	Thiohalorhabdaceae
88	Piscirickettsiaceae
89	Sphingobacteriaceae
89	Shikimate kinase SK3 cluster
89	Gene Transfer Agent
89	mag_38649
89	Weeksellaceae
89	Budviciaceae
89	mag_46699
89	Crocinitomicaceae
89	Sugar-phosphate stress regulation
89	Hymenobacteraceae
89	Nitrobacteraceae
89	Sphingomonadaceae
89	Peptide ABC transport system Sap
89	Anaeromyxobacteraceae
89	Balneolaceae
89	Pseudobdellovibrionaceae
89	Siderophore Achromobactin
89	Leptolyngbyaceae
89	mag_38453
89	mag_2905
89	mag_286
89	Aeromonadaceae
89	Oscillatoriaceae
89	Spore germination
89	Paracoccaceae
89	Bacteriovoracaceae
89	mag_41980
89	mRNA 3-end processing factor containing cluster
89	mag_39815
89	mag_41857
89	mag_2914
89	Endozoicomonadaceae
89	mag_38631
89	Thermoleophilaceae
89	mag_46288
89	Nevskiaceae
89	Hexose phosphate transport system
89	AaeAB efflux system for hydroxylated, aromatic carboxylic acids
89	mag_38031
89	Orbaceae
89	Pirellulaceae
89	Shewanellaceae
89	Aquaspirillaceae
89	mag_37678
89	Trimethylamine-N-oxide operon
89	mag_37679
89	Psychromonadaceae
89	mag_275
89	mag_37677
89	Idiomarinaceae
89	Caulobacteraceae
89	Acidithiobacillaceae
89	mag_37717
89	mag_3232
89	Sporomusaceae
89	Chitinophagaceae
89	Hyphomicrobiaceae
89	Gemmataceae
89	mag_37737
89	Solibacteraceae
89	Sutterellaceae
89	Alteromonadaceae
89	Competibacteraceae
89	mag_274
89	Oxalobacteraceae
89	mag_37701
89	Tripartite multidrug efflux systems (of RND type) AcrAB-TolC and related transporters
89	mag_20
89	mag_38732
90	MukBEF Chromosome Condensation
90	Mu-like phage
90	Methylococcaceae
90	Lambdoid phage
90	Chromatiaceae
90	Morganellaceae
90	mag_1373
90	mag_25310
90	Halieaceae
90	Phospholipid and Fatty acid biosynthesis related cluster
90	Oceanospirillaceae
90	mag_3076
90	Halomonadaceae
90	tRNA splicing
91	Solirubrobacteraceae
91	Phenylacetyl-CoA catabolic pathway (core)
91	Calotrichaceae
91	Burkholderiaceae
91	Comamonadaceae
91	Rhodocyclaceae
91	Sphaerotilaceae
91	Rhodanobacteraceae
91	Brucellaceae
91	Hydrolysis of sphingomyelin
91	Proteorhodopsin
91	Chitinibacteraceae
91	Biofilm Adhesin Biosynthesis
91	Siderophore Aerobactin
91	Cyclic Di-GMP Turnover Proteins
91	L-rhamnonate utilization cluster
92	Myxococcaceae
92	Moraxellaceae
92	Leptospiraceae
92	Vibrionaceae
92	mag_42262
92	Erwiniaceae
92	Bacillaceae
92	Heme O and Heme A biosynthesis
92	Methylophilaceae
92	Thalassospiraceae
93	Glutamate dehydrogenases
93	tRNA aminoacylation, Thr
93	Biotin synthesis cluster
93	Planococcaceae
93	Alicyclobacillaceae
93	ESAT-6 proteins secretion system in Mycobacteria (locus ESX-1)
93	Lipoylation-related cluster
93	ESAT-6 protein secretion system in Mycobacteria (locus ESX-5)
94	Cryomorphaceae
94	Owenweeksiaceae
94	Hoyosellaceae
94	Microthrixaceae
94	Carotenogenesis related cluster
94	Saprospiraceae
94	Metamycoplasmataceae
94	Fimbriimonadaceae
94	Iamiaceae
94	Korobacteraceae
94	Clostridiaceae
94	mag_40521
94	Williamwhitmaniaceae
94	Salinivirgaceae
94	Isoniazid inductible proteins cluster
94	L-galactonate utilization
94	Halanaerobiaceae
94	Thermoanaerobacteraceae
94	Mycobacterial multidrug efflux systems implicated in AMR 
94	Beta-lactamases Ambler class B
94	Aestuariivirgaceae
94	mag_39411
94	Ahrensiaceae
94	mag_29
94	Barnase-barstar complex
94	Spirosomataceae
94	mag_43286
94	Chlorophyll Biosynthesis in plants and prokaryotes
94	D-glucosaminate utilization
94	Parachlamydiaceae
94	Pseudanabaenaceae
94	Caldilineaceae
94	CytR regulation
94	Cytochrome b6-f complex in plants (plastidial) and cyanobacteria
94	Dioxygenolytic carbon monoxide-forming enzymes
94	Roseiflexaceae
94	Scytonemataceae
94	Desulfocapsaceae
94	Herpetosiphonaceae
94	Dictyobacteraceae
94	D-allose utilzation
94	Neosynechococcaceae
94	Geobacteraceae
94	Desulfovibrionaceae
94	Criblamydiaceae
94	Kosmotogaceae
94	Spirulinaceae
94	mag_33
94	Melioribacteraceae
94	Desulfurobacteriaceae
94	Conexibacteraceae
94	Xanthomonadaceae
94	Cryosericaceae
94	Mariprofundaceae
94	Rhodothermaceae
94	Sulfurimonadaceae
94	mag_2029
94	Gaiellaceae
94	Flexistipitaceae
94	Coenzyme F420 synthesis
94	Rubrobacteraceae
94	Obscuribacteraceae
94	Geodermatophilaceae
94	Acetomicrobiaceae
94	Thermaceae
94	Polyunsaturated Fatty Acids synthesis
94	Molybdopterin cytosine dinucleotide
94	Fluviibacteraceae
94	Hahellaceae
94	AttEFGH ABC Transport System
94	Fodinicurvataceae
94	Transcriptional regulator AfsR
94	Iodidimonadaceae
94	Amidase clustered with urea and nitrile hydratase functions
94	Lichenihabitantaceae
94	Kangiellaceae
94	mag_311
94	Algiphilaceae
94	Sphingosinicellaceae
94	mag_42305
94	TonB-ExbBD energy transducing system
94	Pleomorphomonadaceae
94	Parvibaculaceae
94	ZraPRS-based zinc resistance
94	Moritellaceae
94	Spore germinant receptors
95	Ribosome SSU, eukaryotic and archaeal
95	Reichenbachiellaceae
95	Rarobacteraceae
95	Desulfobacteraceae
95	Lysine Biosynthesis via alpha-aminoadipate AAA
95	mag_14
95	mag_39083
95	mag_8090
95	RNA polymerase, archaeal initiation factors
95	mag_589
95	Box C-D RNA-guided RNA methyltransferase
95	Ribosome LSU, eukaryotic and archaeal
95	Ktedonobacteraceae
95	mag_42377
95	Hippeaceae
95	Moorellaceae
95	Cobalamin synthesis, Precorin-2 to Cob(II)yrinate a,c diamide, aerobic
95	Exosome
95	Thermotogaceae
95	mag_3023
95	Cloacimonadaceae
95	mag_3038
95	mag_3181
95	Heme O and Heme A biosynthesis (with selected terminal oxidases)
95	Translation elongation factors, eukaryotic and archaeal
95	Ribosome biogenesis, archaeal
95	Diphthamide biosynthesis
95	mag_39841
95	Nitrogen fixation
95	Demequinaceae
95	Anaerolineaceae
96	Longimicrobiaceae
96	mag_1251
96	Brevinemataceae
96	mag_5487
96	mag_40951
96	mag_3246
96	mag_39827
96	mag_1
96	mag_4616
96	Archaeal membrane bound hydrogenases
96	mag_41
96	Energy conserving hydrogenase b, Methanococcales-Methanobacteriales-Methanopyrales
96	mag_11275
96	Mebrane bound hydrogenases
96	mag_40
96	mag_13914
96	mag_10114
96	mag_22
96	Forespore to mother cell channel
96	mag_40031
97	mag_37657
97	mag_38357
97	mag_40961
97	mag_38963
97	mag_39645
97	mag_37802
97	Aerococcaceae
97	Citrate lyase
97	Thermovirgaceae
97	mag_44317
97	mag_8
97	mag_39364
97	mag_46289
97	mag_41639
97	alpha-glucoside ABC transporter
97	mag_38252
97	Symbiobacteriaceae
97	mag_39276
97	mag_41424
97	mag_37661
98	mag_37759
98	mag_37730
98	Heliobacteriaceae
98	Opitutaceae
98	Ergothioneine biosynthesis
98	Lewinellaceae
98	mag_37774
98	Desulfitobacteriaceae
98	Oxaloacetate decarboxylase Na-pump
98	Segniliparaceae
98	Glycerol ABC transporter
98	Homogentisate pathway
98	Bacillales Family X. Incertae Sedis
98	D-arabinitol utilization
98	MazEF toxin-antitoxing (programmed cell death) system
99	mag_40097
99	mag_44521
99	mag_57968
99	mag_42399
99	mag_42376
99	mag_38501
99	mag_45229
99	mag_43170
99	mag_41995
99	mag_39828
99	mag_45020
99	mag_39953
99	mag_38106
99	mag_42165
99	mag_43217
99	mag_39957
99	mag_39970
99	mag_40534
99	mag_43411
99	mag_42481
99	mag_38354
99	mag_45424
99	mag_54377
99	mag_38352
99	mag_39169
99	Sporolactobacillaceae
99	mag_45745
99	mag_42398
99	mag_40430
99	mag_38516
99	mag_40440
99	mag_43300
99	mag_44774
99	mag_45540
99	mag_38026
99	mag_45513
99	mag_40444
99	mag_40453
99	mag_40326
99	mag_43099
99	mag_45701
99	mag_39165
99	mag_41432
99	mag_39867
99	mag_40287
99	Carnobacteriaceae
99	Enterococcaceae
99	mag_43360
99	mag_41212
99	mag_41420
99	mag_39870
99	mag_38817
99	mag_39755
99	L-ascorbate utilization (and related gene clusters)
99	mag_44167
99	mag_39653
99	mag_39649
99	mag_41841
99	mag_43985
99	mag_38645
99	mag_42915
99	mag_3106
99	mag_44151
99	mag_46240
99	mag_43891
99	mag_46522
99	mag_42309
99	mag_40945
99	mag_38157
99	mag_39599
99	mag_41787
99	mag_46737
99	mag_41673
99	mag_40922
99	mag_40706
99	mag_42692
99	mag_48322
99	mag_46635
99	mag_42327
99	mag_44227
99	mag_39339
99	mag_48771
99	mag_39376
99	mag_44235
99	mag_43523
99	mag_43762
99	mag_48712
99	mag_39735
100	Calditrichaceae
100	mag_38432
100	mag_179
100	mag_3137
100	mag_39387
100	Desertifilaceae
100	Thermodesulfobacteriaceae
100	mag_41416
100	Desulfoplanaceae
100	Thermodesulfovibrionaceae
100	Syntrophomonadaceae
100	Ferrimonadaceae
100	Bryobacteraceae
100	Bacillus cannibalism system
100	Natronincolaceae
100	Campylobacteraceae
100	DevBCA efflux pump transporter (of ABC type) cyanobacterial
100	Sulfurospirillaceae
100	mag_39420
100	Cellulosilyticaceae
100	Acidaminobacteraceae
100	Aphanothecaceae
100	Natranaerofabaceae
100	mag_38363
100	Nautiliaceae
100	mag_44950
100	Ketobacteraceae
100	mag_41374
100	Zooshikellaceae
100	Pseudobacteriovoracaceae
100	mag_37684
100	mag_18
100	mag_37977
100	mag_3078
100	Pontiellaceae
100	mag_42894
100	Tepidimicrobiaceae
100	Desulfolunaceae
100	Eubacteriales Family XII. Incertae Sedis
100	Acholeplasmataceae
100	mag_24718
100	Symphyonemataceae
100	mag_3030
100	mag_45946
100	Spiroplasmataceae
100	Hyellaceae
100	Desulfonauticaceae
100	Aminiphilaceae
100	Cardiobacteriaceae
100	mag_37938
100	mag_3025
101	RuBisCO operon
101	Salinarimonadaceae
101	Roseiarcaceae
101	Capsulimonadaceae
101	Tripartite multidrug efflux systems (of RND type) CmeABC and CmeDEF
101	mag_37624
101	Cohaesibacteraceae
101	Sox thiosulfate oxidation system
101	Blastochloridaceae
101	Phage shock protein operon
101	Stappiaceae
101	Rhodovibrionaceae
101	Tepidamorphaceae
101	Photosystem II
101	Afifellaceae
101	Thiocyanate hydrolase
101	Salinibacteraceae
101	Plasmid replication
101	L-Amino acid oxidases: lysine-epsilon oxidase LodA
101	Alsobacteraceae
101	Bartonellaceae
101	Amorphaceae
101	Ancalomicrobiaceae
101	Trueperaceae
101	Aurantimonadaceae
101	Lujinxingiaceae
101	Kiloniellaceae
101	Nitratiruptoraceae
101	Pyridoxin(Vitamin B6) Degradation Pathway
101	Paracaedibacteraceae
101	D-altritol utilization
101	Manganitrophaceae
101	Phreatobacteraceae
101	Gloeomargaritaceae
101	Kofleriaceae
101	Thiohalospiraceae
101	Rhodothalassiaceae
101	Brocadiaceae
101	Notoacmeibacteraceae
101	Acidobacteriaceae
101	Salinisphaeraceae
101	mag_69
101	Pseudoxanthobacteraceae
101	Isosphaeraceae
101	Anaplasmataceae
101	Thalassobaculaceae
101	Hyphomonadaceae
101	Devosiaceae
101	Breoghaniaceae
101	Reticulibacteraceae
101	Magnetovibrionaceae
101	Oligoflexaceae
101	Respiratory complex I in plants (plastidial) and cyanobacteria
101	mag_38004
101	Geminicoccaceae
101	Propylenellaceae
101	Lichenibacteriaceae
101	Oceanibaculaceae
101	Acaryochloridaceae
101	Rhodospirillaceae
101	Gallaecimonadaceae
102	Ferrovaceae
102	Novispirillaceae
102	Hopanoid biosynthesis
102	Acetobacteraceae
102	Zavarziniaceae
102	Granulosicoccaceae
102	Sneathiellaceae
102	Chelatococcaceae
102	Roseobacteraceae
102	Parvularculaceae
102	Ectoine, hydroxyectoine uptake and catabolism
102	Pyruvate Alanine Serine Interconversions
102	Rhizobiaceae
102	Adaptation to d-cysteine
102	Nostocaceae
102	Dietziaceae
102	Kordiimonadaceae
102	Dermacoccaceae
102	Archangiaceae
102	Methylobacteriaceae
102	Kaistiaceae
102	Beijerinckiaceae
102	Boseaceae
102	Syntrophobacteraceae
102	Phyllobacteriaceae
103	Microbacteriaceae
103	Nocardiopsaceae
103	Nocardioidaceae
103	Micromonosporaceae
103	Ornithinimicrobiaceae
103	Gordoniaceae
103	Pseudonocardiaceae
103	Propionibacteriaceae
103	Frankiaceae
103	Acidimicrobiaceae
104	mag_37794
104	mag_40995
104	Trans-translation by stalled ribosomes
104	mag_39607
104	mag_54371
104	Carnitine operon
104	mag_39192
104	Polyangiaceae
104	Thiohalomonadaceae
104	Microcystaceae
104	mag_37768
104	mag_42759
104	Tetracycline resistance, ribosomal protection type
104	Thermogemmatisporaceae
104	mag_39180
104	mag_38578
104	mag_344
104	Aggregatilineaceae
104	Chlamydiaceae
104	Sporichthyaceae
105	Dehydrogenase complexes
105	Pyruvate metabolism II: acetyl-CoA, acetogenesis from pyruvate
105	Acetoin, butanediol metabolism
106	mag_681
106	mag_37838
106	mag_410
106	mag_38389
106	mag_37659
106	Acanthopleuribacteraceae
106	mag_37760
106	mag_41747
106	Simkaniaceae
106	Vicinamibacteraceae
106	mag_37968
106	Rivulariaceae
106	mag_90
106	Methylocystaceae
106	Thermomicrobiaceae
106	mag_37749
106	mag_39535
106	mag_314
106	Kribbellaceae
106	mag_40055
106	mag_40991
106	mag_39108
106	Rhodobiaceae
106	mag_38608
106	mag_37912
106	Desulfocucumaceae
106	mag_38110
106	mag_8237
106	mag_39643
106	mag_546
106	mag_38175
106	mag_42860
106	mag_42681
107	Sphaerobacteraceae
107	Copper Transport System
107	mag_39736
107	mag_37798
107	mag_39811
107	ABC transporter tungstate (TC 3.A.1.6.2)
107	mag_37787
107	mag_6372
107	Magnetomoraceae
107	Ilumatobacteraceae
107	mag_37853
107	ABC transporter YxeMNO
107	Coenzyme B synthesis
107	Hapalosiphonaceae
107	mag_38329
107	Sox sulfur oxidation genes
107	mag_38250
107	mag_315
107	mag_38342
107	mag_41723
108	mag_37858
108	mag_44392
108	mag_38385
108	mag_38773
108	mag_37767
108	mag_41375
108	mag_38726
108	Pumilibacteraceae
108	mag_18663
108	mag_2944
108	Anaerobic toluene and ethylbenzene degradation
108	Poly-gamma-glutamate biosynthesis
108	mag_39088
108	mag_137
108	mag_17931
108	mag_42005
108	mag_38223
108	Acetophenone carboxylase 1
108	mag_38287
108	mag_39095
108	mag_23300
108	mag_37666
108	mag_38795
108	mag_38456
108	mag_58457
108	mag_38853
108	mag_39200
108	mag_91
108	mag_154
108	mag_38862
108	mag_40786
108	mag_39923
109	Cell invasion-related virulence operon MCE
109	mag_43211
109	mag_340
109	mag_41619
109	mag_298
109	mag_38272
109	Monoglobaceae
109	mag_37942
109	mag_40875
109	mag_38680
109	mag_39433
109	mag_39438
109	mag_39439
109	mag_3135
109	Toxin-Antitoxin MT1
109	mag_39531
109	mag_38692
109	mag_38651
109	Sulfomarinibacteraceae
109	mag_38079
109	mag_40632
109	Romeriaceae
109	Thermochlorobacteriaceae
109	mag_41503
109	mag_39655
109	mag_2953
109	Vallicoccaceae
109	mag_355
109	mag_38577
109	mag_82
109	Accessory colonization factor
109	mag_38356
109	mag_41214
109	mag_2908
109	Desulfuromonadaceae
109	mag_1875
109	mag_37754
109	Oscillochloridaceae
109	mag_38404
109	Vancomycin resistance, D-Ala-D-Ser, D-Ala-Lac ligases
109	mag_40537
109	mag_39208
109	Mucispirillaceae
109	mag_38289
109	mag_41086
110	mag_42167
110	mag_41325
110	mag_41577
110	mag_41618
110	mag_42937
110	mag_37980
110	mag_41948
110	Actinospicaceae
110	mag_41776
110	Teicoplanin resistance in Staphylococci
110	mag_42720
110	mag_41597
110	mag_43143
110	mag_41188
110	mag_38084
110	mag_43152
110	mag_43612
110	mag_41186
110	mag_41433
110	mag_43208
110	mag_42637
110	mag_41548
110	p-Aminobenzoyl-Glutamate Utilization
110	mag_41549
110	mag_41564
110	mag_38097
110	mag_42170
110	mag_43023
110	Siderophore Anthrachelin
110	mag_37833
110	mag_41069
110	Pore-forming cytolytic toxins
110	mag_41323
110	Desulfotomaculaceae
110	Staphylococcaceae
110	mag_43476
110	Siderophore Staphylobactin
110	mag_43321
110	mag_43271
110	mag_41881
110	mag_44865
110	Biosynthesis of 4,4'-diapolycopene dialdehyde
110	mag_45019
110	Adhesins in Staphylococcus
110	mag_16103
110	mag_38386
110	mag_39143
110	mag_39791
110	mag_39140
110	mag_40246
110	mag_38587
110	mag_49155
110	mag_39765
110	mag_3072
110	Formaldehyde assimilation: Ribulose monophosphate pathway
110	mag_38840
110	mag_39116
110	mag_46049
110	mag_39723
110	mag_46087
110	mag_39349
110	mag_39097
110	mag_40486
110	mag_40494
110	mag_44376
110	mag_39152
110	mag_38733
110	mag_40146
110	mag_39187
110	mag_39887
110	mag_38519
110	mag_45706
110	mag_39936
110	mag_39937
110	mag_39938
110	mag_39944
110	mag_39876
110	Desulfococcaceae
110	mag_45602
110	mag_38472
110	mag_40000
110	mag_39271
110	mag_40021
110	mag_40025
110	mag_39202
110	mag_45498
110	mag_39862
110	mag_40838
110	mag_38451
110	mag_40107
110	mag_38751
110	Alpha-acetolactate operon
110	Bacillithiol synthesis
110	mag_39630
110	mag_38537
110	mag_38924
110	mag_38923
110	mag_44155
110	Methylglyoxal resistance in Bacillus subtilis
110	mag_40699
110	Listeria Pathogenicity Island LIPI-1 extended
110	mag_38683
110	mag_37626
110	mag_3282
110	mag_40619
110	Biofilm formation in Staphylococcus
110	mag_43853
110	mag_38698
110	mag_38920
110	mag_37687
110	mag_37681
110	mag_39019
110	mag_40744
110	mag_38967
110	mag_38684
110	mag_40571
110	mag_38973
110	mag_39602
110	mag_39036
110	mag_3019
110	mag_40770
110	mag_44162
110	mag_39485
110	mag_44242
111	Queuosine and archaeosine
111	The Chv two-component regulatory system
111	Murein hydrolase regulation and cell death
111	ESAT-6 proteins secretion system in Firmicutes extended
111	Nickel-requiring
112	Metabolite repair
112	Adenosyl nucleosidases
112	Na-driven 2-hydroxyglutarate pathway
113	Dethiobacteraceae
113	mag_37765
113	Toxins
113	mag_43693
113	mag_41382
113	Anaerotignaceae
113	mag_38267
113	Dipicolinate Synthesis
113	Enterobacterial common antigen (LPS O-antigen)
113	mag_44938
113	Methylacidiphilaceae
113	mag_38485
113	mag_37756
113	Beta-lactamases Ambler class A
113	mag_37622
113	mag_39074
113	mag_39672
113	Fibrobacteraceae
113	mag_2975
113	Deinococcaceae
113	mag_45782
113	mag_43050
113	Pelagibacteraceae
113	mag_39582
113	mag_3316
113	mag_39123
113	mag_3247
113	Histidine Degradation
114	Pectobacteriaceae
114	Proline biosynthesis (for review)
114	Anaerobic module of TCA
114	Arcobacteraceae
114	Citrate uptake cluster
114	Alkane biosynthesis in bacteria
114	Pterin synthesis related cluster
114	Listeriaceae
114	Enterobacteriaceae
114	Urease subunits
115	Histidine Biosynthesis
115	mag_27238
115	Histidine Biosynthesis -- gjo
115	Hydroxy-fatty acid production as stress response
115	Bile hydrolysis
115	Multi-subunit cation antiporter
115	mag_40916
115	Urea cycle
115	Potassium-transporting ATPase
115	Cytolysin and Lipase operon in Vibrio
115	mag_5385
115	Fosfomycin resistance
115	Fet iron export system
115	Arginine biosynthesis via N-acetyl-L-citrulline
115	Cytophagaceae
115	mag_40160
116	Photorespiration (oxidative C2 cycle)
116	Arginine succinyltransferase pathway
116	Degradation of branched-chain amino acids and alpha-keto acids [Leu, Val]
117	Delta(6)-desaturase containing cluster
117	Tocopherols and tocotrienols (vitamin E) in plants and cyanobacteria
117	Selenocysteine metabolism
117	Formate dehydrogenase
117	Ubiquinone biosynthesis
117	Glycolate, glyoxylate interconversions
117	TAM transport system
118	Cytochrome bo ubiquinol oxidase 
118	D-galacturonate utilization, oxidative pathway
118	Acidiferrobacteraceae
118	Beta-lactamases Ambler class C
118	Alcanivoracaceae
118	Chloramphenicol resistance
118	Puniceicoccaceae
118	Gentisate pathway
118	Zoogloeaceae
118	Glutaconate CoA-transferase or 3-oxoadipate CoA-transferase Subunits
118	Cysteine dioxygenase containing cluster 1
118	Biogenesis of cytochrome c oxidases
118	Mycolic acid synthesis 2
119	Cold shock proteins of CSP family
119	Uridine to beta-Alanine and Thymine to 3-aminoisobutanoate module
119	Nucleoside ABC transporter cluster
119	Proline, 4-hydroxyproline uptake and utilization
120	Purine catabolism in Bacillus subtilis
120	Arsenic resistance
121	Cyanophycin Metabolism
121	BactLuciferaseComplex
121	Putative oxidase COG2907
121	Cysteine synthesis
121	D-gluconate and ketogluconates metabolism
121	Arginine biosynthesis
121	DNA repair, bacterial photolyase
121	Glycine betaine synthesis from choline
121	Methylglyoxal Metabolism
121	Urea carboxylase and Allophanate hydrolase cluster
121	Glyoxylate bypass
121	Yersiniaceae
122	Small efflux transporters of SMR family
122	mag_319
122	Maricaulaceae
122	Coxiellaceae
122	mag_23210
122	P2-like phage
122	Thorselliaceae
122	Universal stress protein family
122	Bruguierivoracaceae
122	Dissulfurirhabdaceae
122	Sulfur transport related cluster
122	Siderophore pyochelin
122	Carbonic anhydrase
122	Siderophore Enterobactin
122	Sulfurtransferase and Ssec cluster
122	Lipid orphans
122	mag_38567
122	Desulfobaccaceae
122	Phycisphaeraceae
122	Ventosimonadaceae
122	Natronospirillaceae
122	Dihydropyrimidine dehydrogenase
122	Thiofilaceae
122	Sarcosine oxidases, monomeric and heterotetrameric
123	Cell division related cluster including coaD
123	Predicted secretion system W clustering with cell division proteins
124	Cesiribacteraceae
124	mag_43166
124	RSF1010 like IncQ broad-host-range plasmids
124	Lipopolysaccharide in K12
124	Ribitol utilization
124	Xanthine dehydrogenase subunits
124	mag_38142
124	Syntrophorhabdaceae
124	mag_19473
124	mag_38240
125	Rhamnolipids in Pseudomonas
125	Aestuariirhabdaceae
125	Colwelliaceae
125	Trans-envelope signaling system VreARI in Pseudomonas
125	mag_3096
125	Salmochelin-mediated Iron Acquisition
125	Biogenesis of cbb3-type cytochrome c oxidases
125	Marinobacteraceae
125	Siderophore Pyoverdine
125	Pseudomonadaceae
125	Sulfur transfer pathway CsdAEL
125	Two partner secretion pathway (TPS)
125	Beta-lactamases Ambler class D
125	Adenylylsulfate reductase
125	Type 4 conjugative transfer system, IncI1 type
125	Sulfate assimilation related cluster
125	ABC-type iron transport system
125	Acyclic terpene utilization
125	Stress proteins YciF, YciE
125	Type III secretion system
125	Type III secretion systems
125	mag_118
125	CMP-pseudaminic acid synthesis
125	Phenazine biosynthesis
125	Heme and heme d1 biosynthesis from siroheme
125	Geothermobacteraceae
125	Outer membrane porins in Pseudomonas and Acinetobacter
125	Potential DNA repair cluster
125	mag_2909
125	Extracellular matrix proteins (PSL) involved in mannose-rich biofilm formation in Pseudomonas
125	Cytochrome c oxidase EC 1.9.3.1
125	Proteasome bacterial
125	L-2-amino-4-methoxy-trans-3-butenoic acid synthesis
125	mag_457
125	mag_129
125	Cholera toxin
125	Extracellular matrix proteins (PEL) involved in glucose-rich biofilm formation in Pseudomonas
125	Malonate decarboxylase
125	mag_12
125	Mycobacterial FadD proteins (fatty acid CoA- and AMP- ligases)
125	Mycobacterial FadE proteins Acyl-CoA dehydrogenase
125	mag_167
125	Mycobacterial gene cluster associated with resistance against FAS-II antibiotics
126	Type III secretion system orphans
126	Multidrug Resistance, Tripartite Systems Found in Gram Negative Bacteria TEMP
126	Type VI secretion system
126	Glutathione: Non-redox reactions
126	Phosphoenolpyruvate phosphomutase
126	Chromobacteriaceae
126	General Secretion Pathway
126	Fusaric acid resistance cluster
126	Phosphonate metabolism
126	Respiratory Systems - Shewanella (updated)
126	Vanillate and syringate utilization
126	Fatty acid catabolic operon fadN-fadA-fadE (yusJKL)
126	Glutathione-dependent pathway of formaldehyde detoxification
126	HMG CoA Synthesis
126	Tolerance to colicin E2 and CreBC signal transduction system
126	Tol-Pal Cell Envelope Complex
126	Tricarboxylate transport system
126	IbrA and IbrB: co-activators of prophage gene expression
126	Iron siderophore sensor & receptor system
126	Tripartite multidrug efflux systems (of RND type) in Pseudomonas
126	Tripartite multidrug efflux systems (of RND type) MdtABC-TolC
126	Sulfate reduction-associated complexes
126	Maintenance of outer membrane lipid asymmetry
126	Microbulbiferaceae
126	Taurine and alkanesulfonate utilization as sulfur sources
126	Nitrosomonadaceae
126	Tripartite multidrug efflux systems (of MFS type) in Gram-negative bacteria
126	Tripartite multidrug efflux systems (of MFS type) EmrKY-TolC and EmrAB-TolC
126	Periplasmic nitrate reductase EC 1.7.99.4
126	Spongiibacteraceae
126	Flagellum
126	MexXY System of Pseudomonas aeruginosa
126	Protection from Reactive Oxygen Species
126	Copper transport and blue copper proteins
126	Putative TldE-TldD proteolytic complex
126	Putrescine utilization
126	Possible heterocyst differentiation related cluster
126	Coenzyme PQQ synthesis
126	Bacterial pathways for dimethylsulfoniopropionate and acrylate catabolism
126	Polymyxin resistance, lipid A modifications with phosphoethanolamine
126	Polymyxin resistance, lipid A modifications with 4-amino-4-deoxy-L-arabinose
126	Polymyxin resistance
126	Polyadenylation, bacterial
126	D-arabinose utilization
126	Quorum sensing regulation in Pseudomonas
126	Chemotaxis in Escherichia coli and Bacillus subtilis
126	tRNA modification, 5-oxyacetyl uridine (cmo5U34)
126	EnvZ and OmpR regulon
126	Efflux ABC transporter YadGH
126	Carbon storage regulator
126	Carnitine metabolism and transport
127	mag_43034
127	mag_44263
127	mag_43826
127	mag_42826
127	mag_43746
127	mag_46698
127	mag_42783
127	Pyruvate:ferredoxin oxidoreductase
127	mag_46519
127	mag_43852
127	mag_68519
127	mag_46620
127	mag_44166
127	mag_62337
127	mag_43860
127	mag_44091
127	mag_48438
127	mag_46580
127	mag_44036
127	mag_43546
127	mag_43593
127	mag_43238
127	mag_61311
127	mag_45038
127	mag_55767
127	mag_44919
127	mag_43277
127	mag_44906
127	mag_44887
127	mag_44882
127	mag_54565
127	mag_42543
127	mag_42557
127	mag_45204
127	mag_43184
127	mag_44711
127	mag_44686
127	mag_45686
127	mag_42605
127	mag_43328
127	mag_44665
127	mag_44645
127	mag_44629
127	mag_43155
127	mag_44560
127	mag_42634
127	mag_8720
127	mag_44375
127	mag_52242
127	mag_43455
127	mag_59689
127	mag_34606
127	mag_45011
127	mag_53896
127	mag_7142
127	mag_38946
127	mag_41270
127	mag_39800
127	mag_39170
127	mag_39167
127	mag_39779
127	mag_41546
127	mag_39149
127	mag_41897
127	mag_41533
127	mag_41529
127	mag_41257
127	mag_38828
127	mag_41505
127	mag_39717
127	mag_38001
127	mag_40538
127	mag_38211
127	mag_41657
127	mag_41889
127	mag_40716
127	mag_37946
127	mag_39980
127	mag_37962
127	mag_41781
127	mag_41796
127	mag_39877
127	mag_41801
127	mag_41830
127	mag_40616
127	mag_40612
127	mag_39869
127	mag_39816
127	mag_41888
127	mag_38791
127	mag_41496
127	mag_39716
127	mag_40483
127	mag_39220
127	mag_39617
127	mag_40185
127	mag_39634
127	mag_38985
127	mag_38913
127	mag_41299
127	mag_41127
127	mag_38388
127	mag_40343
127	mag_42190
127	mag_39041
127	mag_40268
127	mag_41307
127	mag_39577
127	mag_42163
127	mag_40195
127	mag_41455
127	mag_38349
127	mag_40403
127	mag_39466
127	mag_41289
127	mag_38882
127	mag_39590
127	mag_38641
127	mag_41425
127	mag_38117
127	mag_38647
127	mag_40194
127	mag_38027
128	Barnesiellaceae
128	Dysgonomonadaceae
128	Muribaculaceae
128	2-ketoacid oxidoreductases disambiguation
128	Bacteroidaceae
128	Utilization systems for glycans and polysaccharides (PULs, SUS)
128	Paludibacteraceae
128	Prevotellaceae
128	Haliscomenobacteraceae
128	Cob(I)alamin adenosyltransferase
128	Bacterial Sphingolipids
128	Bacteroides capsular polysaccharide transcription antitermination proteins
128	Conjugative transposon, Bacteroidales
128	Prolixibacteraceae
128	Colanic acid synthesis
128	Na-translocating NADH-quinone oxidoreductase
128	BtuS-PduT gene cluster for metalloporphyrine salvage
128	Rikenellaceae
129	Peptidyl-prolyl cis-trans isomerase
129	Pyrroloquinoline Quinone biosynthesis
129	Outer membrane
129	Lpt lipopolysaccharide transport system
129	D-3-phosphoglycerate to phosphoserine module
129	Lipoprotein transporter to outer membrane Lol
129	beta-Barrel Assembly Machinery
129	KDO2-Lipid A biosynthesis
129	Lipopolysaccharide transporter LptABC
129	Type I secretion systems disambiguation
130	NADH ubiquinone oxidoreductase vs. multi-subunit cation antiporter
130	NADH ubiquinone oxidoreductase
130	D-Galacturonate and D-Glucuronate Utilization
130	Menaquinone biosynthesis from chorismate via 1,4-dihydroxy-6-naphthoate
130	Pyruvate metabolism I: anaplerotic reactions, PEP
130	Respiratory Complex I
130	2-oxoglutarate dehydrogenase 
131	mag_40396
131	Possible RNA modification and stress response cluster
131	Methylthiotransferases
131	Inositol-containing phospholipids
131	Aerotolerance operon
131	Nucleoside uptake and degradation cluster
131	tRNA aminoacylation, Gln
131	Ribosomal protein S12p Asp methylthiotransferase
131	tRNA aminoacylation, Glu
132	mag_42337
132	mag_44160
132	mag_38072
132	mag_39256
132	mag_38439
132	mag_50364
132	mag_40227
132	mag_37902
132	mag_316
132	mag_38807
132	Dethiosulfovibrionaceae
132	mag_10472
132	mag_40062
132	mag_40079
132	mag_68
132	mag_38034
132	mag_38648
132	mag_40053
132	mag_39623
132	mag_40291
132	mag_38890
132	mag_38515
132	mag_37869
132	mag_246
133	mag_11674
133	Translation elongation factors, bacterial
133	mag_47342
133	mag_37907
133	mag_37741
133	mag_40243
133	mag_40350
133	mag_312
133	mag_41337
133	mag_37868
133	mag_38078
133	mag_39648
133	mag_40164
133	mag_38165
133	mag_46143
133	mag_38541
133	mag_38178
133	mag_39463
133	mag_40856
133	mag_9488
133	mag_52804
133	mag_160
133	mag_37811
133	mag_40553
133	Deferribacteraceae
133	mag_41537
133	mag_2941
133	mag_41976
133	mag_40439
133	Thermonemataceae
133	Sphaerochaetaceae
133	mag_38747
134	mag_45900
134	mag_37672
134	mag_45705
134	mag_81
134	mag_6447
134	mag_45048
134	mag_40817
134	mag_40824
134	mag_43787
134	mag_40567
134	mag_9
134	Encapsulation of DyP-type peroxidase or ferritin-like protein oligomers
134	mag_45221
134	mag_39615
134	Thiotrichaceae
134	mag_40203
134	mag_41626
134	Acetyl-CoA Pathway Wood-Ljungdahl
134	mag_63288
134	mag_70256
134	mag_41890
134	mag_38041
134	mag_39539
134	mag_321
134	mag_42596
135	Protein degradation
135	Ribosomal hibernation related cluster
136	mag_44152
136	mag_40883
136	NhaA, NhaD and Sodium-dependent phosphate transporters
136	mag_38181
136	mag_37735
136	Thiazole.oxazole-modified microcins
136	mag_41137
136	mag_43147
136	mag_37901
136	mag_3143
136	mag_37729
136	mag_38798
136	mag_6
136	mag_93
136	mag_37711
136	mag_2919
137	mag_43028
137	mag_41502
137	Geopsychrobacteraceae
137	mag_284
137	mag_39423
137	mag_40017
137	mag_48423
137	mag_37542
137	mag_41583
137	mag_39397
137	mag_39905
137	mag_42716
137	Lachnospiraceae
137	Thermoanaerobacterales Family IV. Incertae Sedis
137	mag_39262
137	mag_40749
137	mag_40766
137	mag_38226
137	Peptostreptococcaceae
137	mag_38256
137	Peptoclostridiaceae
137	Acidaminococcaceae
137	Anaerovoracaceae
137	Coelosphaeriaceae
137	mag_37804
137	mag_38488
137	mag_42722
137	mag_38202
137	Entophysalidaceae
137	mag_37690
137	Thermohalobacteraceae
137	mag_45933
137	mag_37830
137	mag_45563
137	mag_40859
137	NiFe hydrogenase maturation
137	mag_40067
137	mag_37724
137	Glutamate fermentation
137	Electron-bifurcating caffeyl-CoA reductase-Etf complex
137	mag_40719
137	mag_42125
137	mag_39484
137	mag_3380
137	mag_44772
137	mag_40355
137	Hujiaoplasmataceae
137	Sedimentisphaeraceae
137	mag_41163
137	Desulfurellaceae
137	mag_15689
137	mag_46634
137	mag_38064
137	mag_38054
137	mag_39549
137	mag_2934
137	mag_44640
137	Bianqueaceae
137	mag_40720
137	mag_291
137	mag_26662
137	mag_43483
137	mag_41040
137	mag_41021
137	mag_41495
137	Magnetaquicoccaceae
138	mag_44981
138	mag_42519
138	mag_44911
138	mag_38763
138	mag_42747
138	mag_14230
138	mag_39166
138	mag_41727
138	mag_40279
138	mag_309
138	mag_40549
138	mag_38928
138	mag_38295
138	Egicoccaceae
138	mag_42074
138	mag_37867
138	mag_42610
138	mag_38879
138	mag_23620
138	mag_38785
138	mag_38830
138	mag_279
138	mag_37627
138	mag_40085
138	mag_40511
138	mag_40074
138	mag_44288
138	mag_44725
138	mag_1259
138	mag_39046
138	Anaerobic glycerol-3-phosphate dehydrogenase subunits
138	mag_38313
138	mag_43218
138	mag_3015
138	mag_40850
138	mag_41101
138	mag_39
138	mag_2920
138	mag_37736
138	Acutalibacteraceae
138	mag_37705
138	mag_38724
138	mag_41387
138	mag_37694
138	mag_49616
138	Coat proteins CotJABC
138	mag_43836
138	Atopobiaceae
138	mag_37810
138	mag_37734
138	mag_41244
138	mag_41480
138	mag_41026
138	mag_39304
138	mag_337
138	Coriobacteriaceae
139	Odoribacteraceae
139	Balneicellaceae
139	Akkermansiaceae
139	Marinilabiliaceae
139	Chlorobiaceae
139	Chloroherpetonaceae
139	Flammeovirgaceae
139	Possible DNA repair related cluster
140	mag_43439
140	mag_40520
140	mag_94
140	mag_56111
140	mag_41407
140	mag_40122
140	mag_44444
140	mag_39660
140	mag_39467
140	mag_41435
140	mag_39124
140	mag_39127
140	mag_293
140	mag_40129
140	mag_42281
140	mag_38059
140	mag_364
140	mag_39534
140	mag_44987
140	mag_37873
140	mag_38075
140	mag_44866
140	mag_38661
140	mag_37750
140	mag_38392
140	mag_38401
140	mag_40327
140	mag_37903
140	mag_42349
140	mag_41121
140	Christensenellaceae
140	mag_40162
140	mag_45110
140	mag_38103
140	mag_44689
140	mag_38038
140	mag_292
140	mag_64
140	mag_38316
140	mag_38526
140	mag_37777
140	mag_40071
140	mag_38778
140	mag_38196
140	mag_39994
140	mag_41763
140	mag_41615
140	mag_43810
140	mag_897
140	mag_43830
140	mag_40657
140	mag_38270
140	Lentimicrobiaceae
140	mag_40666
140	mag_39924
140	mag_45736
140	mag_37805
140	mag_39217
140	mag_37952
140	mag_38260
140	mag_42827
140	mag_37683
140	Erysipelotrichaceae
140	mag_170
140	mag_39263
140	mag_37819
140	mag_40843
140	mag_37828
140	mag_61
140	mag_38804
140	mag_58
140	mag_41839
140	mag_47968
140	mag_37782
140	mag_41569
140	mag_42554
140	mag_39381
140	mag_37619
140	Tannerellaceae
140	mag_40533
140	mag_38740
140	Coprothermobacteraceae
140	mag_38176
140	mag_38634
140	mag_41686
140	mag_41608
140	mag_40587
140	mag_40063
141	mag_38555
141	mag_39151
141	mag_40083
141	mag_38452
141	mag_38705
141	mag_39314
141	mag_3233
141	mag_38390
141	mag_38398
141	mag_10149
141	mag_38594
141	mag_38402
141	mag_39048
141	mag_39468
141	mag_3553
141	mag_39601
141	mag_38598
141	mag_40586
141	mag_40390
141	mag_40497
141	mag_38130
141	mag_1597
141	Flexibacteraceae
141	mag_38128
141	mag_40900
141	mag_38118
141	mag_38325
141	mag_43444
141	Porphyromonadaceae
141	Marinifilaceae
141	mag_37836
141	mag_40370
141	mag_40361
141	mag_33566
141	mag_38251
141	mag_40286
141	mag_42992
141	mag_41291
141	mag_19208
141	mag_37834
142	Fulvivirgaceae
142	mag_38374
142	Immundisolibacteraceae
142	mag_3133
142	Desulfonatronovibrionaceae
142	Cobalamin synthesis, Precorin-2 to Cob(II)yrinate a,c diamide, anaerobic
142	Catalimonadaceae
142	mag_290
142	mag_38610
142	Cobalamin synthesis
142	Caedimonadaceae
142	mag_39920
142	mag_42899
142	mag_37955
142	Thermoguttaceae
142	mag_39885
142	Hepatoplasmataceae
142	mag_32
142	mag_42680
142	Antibiotic anticapsin - bacilysin
143	mag_38549
143	mag_38150
143	mag_37947
143	Merismopediaceae
143	mag_37931
143	mag_38173
143	mag_37979
143	mag_38244
143	mag_38565
143	mag_383
143	mag_3140
143	Sanguibacteraceae
143	mag_39428
143	mag_41397
143	Tsukamurellaceae
143	mag_41535
143	mag_38039
143	Carbonactinosporaceae
143	Antricoccaceae
143	Nanopelagicaceae
143	mag_39576
143	mag_38081
143	mag_39362
143	mag_39616
143	mag_41147
143	mag_43333
143	mag_43376
143	mag_63
143	mag_2921
143	mag_37732
143	mag_37728
143	mag_38263
143	mag_38145
143	Actinomycetaceae
143	mag_38527
143	Lipid-linked oligosaccharide synthesis related cluster
143	Iron transport system including ABC transporter
143	mag_41921
143	mag_39142
143	mag_44333
143	mag_3059
143	ESAT-6 proteins secretion system in Mycobacteria (locus ESX-4)
143	mag_38269
143	mag_42509
143	mag_38332
143	mag_37860
143	mag_38410
143	mag_2660
143	mag_13218
143	Galactosamine Substituent of Arabinogalactan in Mycobacteria
143	mag_37895
143	mag_37881
143	mag_39060
143	mag_41919
143	mag_37784
143	mag_42568
143	mag_8555
143	mag_39939
144	mag_40372
144	mag_40405
144	mag_40655
144	mag_38383
144	mag_39955
144	mag_39628
144	Phosphatidylinositol mannosides biosynthesis related cluster
144	mag_41152
144	Chthonomonadaceae
144	mag_43281
144	mag_37863
144	Cryptosporangiaceae
144	mag_40323
144	mag_37905
144	mag_41305
144	mag_38696
144	mag_41358
144	mag_44048
144	mag_42256
144	mag_40247
144	mag_38960
144	mag_38434
144	mag_39341
144	mag_38873
144	Acidothermaceae
144	Cobalamin synthesis from Cob(II)yrinate a,c diamide
144	L-fucose utilization
144	mag_41789
144	Wall polysaccharide pyruvylation
144	mag_37618
144	mag_40505
144	mag_38214
144	L-fucose dissimilation cluster
144	mag_39081
144	mag_40472
144	mag_38470
144	mag_40864
144	mag_39204
145	mag_1703
145	DNA repair, bacterial UmuCD system
145	mag_43
145	Aminoglycoside modifying enzymes: N-acetyltransferases
145	Succinivibrionaceae
145	mag_39371
145	Holosporaceae
145	mag_38994
145	mag_39967
145	mag_39803
145	Erythrobacteraceae
145	Bifidobacteriaceae
145	mag_38125
145	Quorum sensing in Yersinia
145	Ignavibacteriaceae
145	mag_1693
145	mag_70
145	mag_3067
145	Phototrophicaceae
145	An Arabinose Sensor
145	mag_15
146	mag_41613
146	mag_39197
146	mag_39368
146	mag_38965
146	mag_37982
146	mag_37831
146	mag_37920
146	mag_3097
146	mag_333
146	Bipolaricaulaceae
146	mag_38498
146	mag_38376
146	mag_38373
146	mag_38371
146	mag_38442
146	mag_38254
146	mag_19
146	mag_40781
146	mag_643
146	mag_40887
146	Anaeroplasmataceae
146	mag_367
146	mag_305
146	Hydrogenothermaceae
146	Egibacteraceae
147	Ribosomal protein S5p acylation
147	Glycogen metabolism
148	ESAT-6 proteins secretion system in Firmicutes and Actinobacteria
148	DNA repair, UvrABC system
148	YoeB-YefM toxin-antitoxin system
148	Macromolecular synthesis operon
148	Translation initiation factors, eukaryotic and archaeal
149	mag_40358
149	mag_38670
149	mag_44234
149	Thermosporotrichaceae
149	mag_40225
149	Cerasicoccaceae
149	mag_41956
149	Fructoselysine and glucoselysine
149	mag_40527
149	mag_44854
149	Marivirgaceae
149	mag_39963
149	mag_39464
149	Mesoaciditogaceae
149	mag_12966
149	mag_42114
149	mag_313
149	mag_301
149	Siderophore Yersiniabactin Biosynthesis
149	mag_40748
149	mag_76
149	Butyricicoccaceae
149	mag_38741
149	mag_40989
149	mag_41837
149	Halarsenatibacteraceae
149	mag_38689
149	mag_213
150	mag_41918
150	Brachyspiraceae
150	mag_53
150	mag_37906
150	mag_42370
150	mag_39045
150	mag_53276
150	mag_39313
150	Tichowtungiaceae
150	mag_42109
150	mag_44073
150	mag_40294
150	mag_46236
150	mag_43437
150	mag_43104
150	mag_43100
150	mag_42280
150	Butyrate kinase pathway
150	mag_43998
150	mag_63355
150	mag_39983
150	mag_38596
150	mag_38757
150	Eggerthellaceae
150	mag_899
150	mag_45561
150	mag_40794
150	mag_41738
150	mag_40569
150	mag_39255
150	mag_29418
150	mag_38417
150	mag_43723
150	mag_39384
150	mag_42042
150	mag_40491
150	mag_39947
150	mag_43137
150	mag_41526
150	mag_334
150	mag_39069
150	mag_41963
150	mag_43039
